"time","left.y","left.x","left.dt","right.y","right.x","right.dt","x.mid","dt.mid","left.x.smooth","right.x.smooth","left.dt.smooth","right.dt.smooth","dx","wt","direction","state","left.dt.inverse","right.dt.inverse","time.gap","dt.mid.gap","slice.id","ddt","ddt.adj","ddt.adj.leg","ddt.adj.dif","rhythm","step.id","step.leg","left.stance","right.stance","left.stride.lt","right.stride.lt","left.stride.wt","right.stride.wt","left.stride.t","right.stride.t","turn"
2429,763.51,-59.1942,1311.6,973.097,-200.99,1774.4,-130.0921,1543,-59.1942,-200.99,1311.6,1774.4,141.7958,141.7958,"forth","straight",1311.6,1774.4,33,25.115,1,-462.8,-491.946893939394,"right",1.28575757575758,"shape",-1,"-",-1,-1,-1,-1,-1,-1,-1,-1,"-"
2462,749.571,-57.389,1357.93,968.858,-201.431,1778.3,-129.41,1568.115,-59.1942,-201.431,1357.93,1778.3,142.2368,142.2368,"forth","straight",1357.93,1778.3,34,24.5550000000001,1,-420.37,-449.516893939394,"right",1.31323529411764,"shape",-1,"-",-1,-1,-1,-1,-1,-1,-1,-1,"-"
2496,744.213,-59.3704,1404.81,970.07,-201.683,1780.53,-130.5267,1592.67,-59.3704,-201.683,1404.81,1780.53,142.3126,142.3126,"forth","straight",1404.81,1780.53,33,26.6900000000001,1,-375.72,-404.866893939394,"right",1.38,"shape",-1,"-",-1,-1,-1,-1,-1,-1,-1,-1,"-"
2529,753.724,-61.4606,1454.27,965.809,-202.128,1784.45,-131.7943,1619.36,-61.4606,-202.128,1454.27,1784.45,140.6674,140.6674,"forth","straight",1454.27,1784.45,33,27.9049999999997,1,-330.18,-359.326893939394,"right",1.34606060606061,"shape",-1,"-",-1,-1,-1,-1,-1,-1,-1,-1,"-"
2562,773.671,-62.4485,1503.16,961.842,-202.911,1791.37,-132.67975,1647.265,-62.4485,-202.634,1503.16,1788.92,140.1855,140.1855,"forth","straight",1503.16,1788.92,34,33.2650000000003,1,-285.76,-314.906893939394,"right",1.85294117647059,"shape",-1,"-",-1,-1,-1,-1,-1,-1,-1,-1,"-"
2596,782.505,-65.0657,1566.16,963.74,-203.312,1794.9,-134.18885,1680.53,-63.3594,-202.634,1566.16,1788.92,139.2746,139.2746,"forth","straight",1566.16,1788.92,34,26.3299999999999,1,-222.76,-251.906893939394,"right",1.65264705882353,"shape",-1,"-",-1,-1,-1,-1,-1,-1,-1,-1,"-"
2630,800.149,-67.5019,1624.8,974.643,-202.634,1788.92,-135.06795,1706.86,-63.3594,-202.634,1624.8,1791.37,139.2746,139.2746,"forth","straight",1624.8,1791.37,33,22.02,1,-166.57,-195.716893939394,"right",1.34454545454545,"shape",-1,"-",-1,-1,-1,-1,-1,-1,-1,-1,"-"
2663,833.977,-63.3594,1669.18,974.457,-202.595,1788.58,-132.9772,1728.88,-65.0657,-202.595,1669.18,1791.38,137.5293,137.5293,"forth","straight",1669.18,1791.38,102,83.3249999999998,1,-122.2,-151.346893939394,"right",1.60637254901961,"shape",-1,"-",-1,-1,-1,-1,-1,-1,-1,-1,"-"
2765,930.307,-63.0052,1833.03,975.983,-196.488,1791.38,-129.7466,1812.205,-67.5019,-196.596,1833.03,1791.38,129.0941,129.0941,"forth","straight",1833.03,1791.38,32,28.3900000000001,1,41.6499999999999,12.5031060606059,"left",1.73250000000001,"-",1,"left",-1,-1,-1,-1,-1,-1,-1,-1,"-"
2797,922.198,-71.7089,1889.14,976.35,-196.562,1792.05,-134.13545,1840.595,-71.7089,-196.596,1889.14,1792.05,124.8871,124.8871,"forth","straight",1889.14,1792.05,33,31.54,1,97.0900000000001,67.9431060606062,"left",1.89272727272727,"-",1,"left",-1,-1,-1,-1,-1,-1,-1,-1,"-"
2830,909.437,-81.0917,1951.91,976.517,-196.596,1792.36,-138.84385,1872.135,-81.0917,-196.596,1951.91,1792.36,115.5043,115.5043,"forth","straight",1951.91,1792.36,33,45.4550000000002,1,159.55,130.403106060606,"left",2.73181818181818,"-",1,"left",-1,-1,-1,-1,-1,-1,-1,-1,"-"
2863,935.503,-84.8527,2042.44,976.725,-196.638,1792.74,-140.74535,1917.59,-84.8527,-196.638,2042.44,1792.74,111.7853,111.7853,"forth","straight",2042.44,1792.74,34,33.4499999999998,1,249.7,220.553106060606,"left",1.96058823529411,"-",1,"left",-1,-1,-1,-1,-1,-1,-1,-1,"-"
2897,950.962,-96.7045,2109.22,976.789,-196.65,1792.86,-146.67725,1951.04,-96.7045,-196.65,2109.22,1792.86,99.9455,99.9455,"forth","straight",2109.22,1792.86,34,23.6700000000001,1,316.36,287.213106060606,"left",1.34882352941178,"-",1,"left",-1,-1,-1,-1,-1,-1,-1,-1,"-"
2931,939.498,-98.8408,2155.82,977.189,-196.731,1793.6,-147.7859,1974.71,-98.8408,-196.731,2155.82,1793.6,97.8902,97.8902,"forth","straight",2155.82,1793.6,33,28.825,1,362.22,333.073106060606,"left",1.58393939393939,"-",1,"left",-1,-1,-1,-1,-1,-1,-1,-1,"-"
2964,947.595,-109.29,2210.78,972.218,-197.027,1796.29,-153.1585,2003.535,-109.29,-197.027,2210.78,1796.29,87.737,87.737,"forth","straight",2210.78,1796.29,35,28.5849999999998,1,414.49,385.343106060606,"left",1.0762857142857,"-",1,"left",-1,-1,-1,-1,-1,-1,-1,-1,"-"
2999,958.201,-119.732,2258.2,936.041,-198.096,1806.04,-158.914,2032.12,-119.732,-198.096,2258.2,1806.04,78.364,78.364,"forth","straight",2258.2,1806.04,32,26.0300000000002,1,452.16,423.013106060606,"left",1.459375,"-",1,"left",-1,-1,-1,-1,-1,-1,-1,-1,"-"
3031,970.879,-122.351,2307.58,930.944,-198.39,1808.72,-160.3705,2058.15,-122.351,-198.39,2307.58,1808.72,76.039,76.039,"forth","straight",2307.58,1808.72,34,11.7649999999999,1,498.86,469.713106060606,"left",0.680588235294114,"-",1,"left",-1,-1,-1,-1,-1,-1,-1,-1,"-"
3065,953.866,-131.936,2330.72,924.656,-198.433,1809.11,-165.1845,2069.915,-131.936,-198.433,2330.72,1808.72,66.497,66.497,"forth","straight",2330.72,1808.72,33,19.7399999999998,1,522,492.853106060606,"left",0.987878787878797,"-",1,"left",-1,-1,-1,-1,-1,-1,-1,-1,"-"
3098,958.889,-133.803,2363.71,913.647,-205.656,1815.6,-169.7295,2089.655,-133.803,-198.923,2363.71,1809.11,65.12,65.12,"forth","straight",2363.71,1809.11,34,6.08500000000004,1,554.6,525.453106060606,"left",0.484117647058818,"-",1,"left",-1,-1,-1,-1,-1,-1,-1,-1,"-"
3132,967.38,-134.988,2384.64,929.975,-204.664,1806.84,-169.826,2095.74,-134.988,-204.664,2384.64,1813.58,69.676,69.676,"forth","straight",2384.64,1813.58,33,12.3600000000001,1,571.06,541.913106060606,"left",0.483636363636365,"-",1,"left",-1,-1,-1,-1,-1,-1,-1,-1,"-"
3165,966.059,-146.346,2402.62,933.442,-198.923,1813.58,-172.6345,2108.1,-146.346,-204.664,2402.62,1815.6,58.318,58.318,"forth","straight",2402.62,1815.6,67,33.7199999999998,1,587.02,557.873106060606,"left",-0.254328358208955,"-",1,"left",-1,-1,-1,-1,-1,-1,-1,-1,"-"
3232,976.131,-157.988,2449.52,909.808,-207.753,1834.12,-182.8705,2141.82,-155.058,-204.664,2404.1,1834.12,49.606,49.606,"forth","straight",2404.1,1834.12,33,-16.915,1,569.98,540.833106060606,"left",0.820606060606058,"-",1,"left",-1,-1,-1,-1,-1,-1,-1,-1,"-"
3265,958.03,-155.058,2404.1,894.379,-202.447,1845.71,-178.7525,2124.905,-157.552,-205.194,2442.77,1845.71,47.642,47.642,"forth","straight",2442.77,1845.71,34,45.54,1,597.06,567.913106060606,"left",-0.537941176470587,"-",1,"left",1,-1,-1,-1,-1,-1,-1,-1,"-"
3299,1002.07,-159.318,2470.14,871.624,-205.194,1870.75,-182.256,2170.445,-157.988,-207.325,2449.52,1870.75,49.337,49.337,"forth","straight",2449.52,1870.75,33,-3.9699999999998,1,578.77,549.623106060606,"left",-0.793333333333335,"-",1,"left",-1,-1,-1,-1,-1,-1,-1,-1,"-"
3332,982.2,-157.552,2442.77,858.986,-207.325,1890.18,-182.4385,2166.475,-159.318,-207.325,2442.77,1890.18,48.007,48.007,"forth","straight",2442.77,1890.18,33,44.2350000000001,1,552.59,523.443106060606,"left",-1.72818181818181,"-",1,"left",-1,-1,-1,-1,-1,-1,-1,-1,"-"
3365,980.366,-167.798,2464.58,845.769,-214.637,1956.84,-191.2175,2210.71,-166.27,-214.637,2452.4,1956.84,48.367,48.367,"forth","straight",2452.4,1956.84,34,50.6149999999998,1,495.56,466.413106060606,"left",-3.63705882352941,"-",1,"left",-1,-1,-1,-1,-1,-1,-1,-1,"-"
3399,971.441,-166.27,2442.15,829.076,-220.738,2080.5,-193.504,2261.325,-166.27,-220.738,2452.4,2080.5,54.468,54.468,"forth","straight",2452.4,2080.5,34,10.5350000000003,1,371.9,342.753106060606,"left",0.0399999999999904,"-",1,"left",-1,-1,-1,-1,-1,-1,-1,-1,"-"
3433,977.28,-166.969,2452.4,801.888,-221.887,2091.32,-194.428,2271.86,-166.27,-221.887,2464.58,2091.32,55.617,55.617,"forth","straight",2464.58,2091.32,33,23.0700000000002,1,373.26,344.113106060606,"left",-0.338484848484851,"-",1,"left",-1,-1,-1,-1,-1,-1,-1,-1,"-"
3466,987.006,-159.748,2476.81,769.3,-222.677,2113.05,-191.2125,2294.93,-159.785,-222.677,2475.14,2113.05,62.892,62.892,"forth","straight",2475.14,2113.05,34,18.8699999999999,1,362.09,332.943106060606,"left",-1.10999999999999,"-",1,"left",-1,-1,-1,-1,-1,-1,-1,-1,"-"
3500,975.688,-159.64,2475.14,783.645,-226.829,2152.46,-193.2345,2313.8,-159.748,-226.829,2476.81,2152.46,67.081,67.081,"forth","straight",2476.81,2152.46,34,22.0249999999996,1,324.35,295.203106060606,"left",-1.21294117647058,"-",1,"left",-1,-1,-1,-1,-1,-1,-1,-1,"-"
3534,976.571,-159.785,2477.38,798.87,-231.236,2194.27,-195.5105,2335.825,-159.748,-231.236,2477.38,2194.27,71.488,71.488,"forth","straight",2477.38,2194.27,32,23.1800000000003,1,283.11,253.963106060606,"left",-0.769375000000011,"-",1,"left",-1,-1,-1,-1,-1,-1,-1,-1,"-"
3566,989.779,-151.562,2488.25,837.379,-234.976,2229.76,-193.269,2359.005,-159.785,-234.976,2488.25,2229.76,75.191,75.191,"forth","straight",2488.25,2229.76,34,35.73,1,258.49,229.343106060606,"left",-1.83058823529411,"-",1,"left",-1,-1,-1,-1,-1,-1,-1,-1,"-"
3600,982.675,-160.783,2492.86,862.482,-242.02,2296.61,-201.4015,2394.735,-160.783,-242.02,2492.86,2296.61,81.237,81.237,"forth","straight",2492.86,2296.61,34,48.5749999999998,1,196.25,167.103106060606,"left",-2.57500000000001,"-",1,"left",-1,-1,-1,-1,-1,-1,-1,-1,"-"
3634,984.567,-161.093,2497.66,888.598,-253.466,2388.96,-207.2795,2443.31,-161.093,-253.466,2497.66,2388.96,92.373,92.373,"forth","straight",2497.66,2388.96,32,46.1100000000001,1,108.7,79.5531060606059,"left",-2.63249999999999,"-",1,"left",-1,-1,-1,-1,-1,-1,-1,-1,"-"
3666,986.137,-161.35,2501.65,912.531,-261.05,2477.19,-211.2,2489.42,-161.35,-261.05,2501.65,2477.19,99.7,99.7,"forth","straight",2501.65,2477.19,34,41.1499999999996,1,24.46,-4.68689393939389,"right",-2.03411764705883,"-",2,"right",-1,-1,-1,-1,-1,-1,-1,-1,"-"
3700,979.734,-161.774,2508.22,931.272,-269.031,2552.92,-215.4025,2530.57,-161.774,-269.031,2508.22,2552.92,107.257,107.257,"forth","straight",2508.22,2552.92,34,42.1400000000003,1,-44.7000000000003,-73.8468939393942,"right",-2.15470588235293,"-",2,"right",-1,-1,-1,-1,-1,-1,-1,-1,"-"
3734,990.901,-162.129,2513.73,918.48,-277.332,2631.69,-219.7305,2572.71,-162.129,-274.917,2513.73,2631.69,112.788,112.788,"forth","straight",2513.73,2631.69,33,36.3450000000003,1,-117.96,-147.106893939394,"right",-1.97909090909091,"-",2,"right",-1,-1,-1,-1,-1,-1,-1,-1,"-"
3767,992.356,-162.367,2517.42,913.502,-274.917,2700.69,-218.642,2609.055,-162.367,-277.332,2517.42,2700.69,114.965,114.965,"forth","straight",2517.42,2700.69,33,25.8049999999994,1,-183.27,-212.416893939394,"right",-1.45969696969697,"-",2,"right",-1,-1,-1,-1,-1,-1,-1,-1,"-"
3800,993.032,-171.512,2519.14,920.514,-279.996,2750.58,-225.754,2634.86,-162.607,-278.231,2519.14,2750.58,115.624,115.624,"forth","straight",2519.14,2750.58,34,42.2400000000007,1,-231.44,-260.586893939394,"right",-2.3664705882353,"-",2,"right",-1,-1,-1,-1,-1,-1,-1,-1,"-"
3834,993.824,-162.607,2521.15,946.083,-278.231,2833.05,-220.419,2677.1,-171.512,-278.231,2521.15,2833.05,106.719,106.719,"forth","straight",2521.15,2833.05,33,46.9699999999998,1,-311.9,-341.046893939394,"right",-2.68121212121212,"-",2,"right",-1,-1,-1,-1,-1,-1,-1,-1,"-"
3867,994.902,-171.835,2523.88,945.078,-287.188,2924.26,-229.5115,2724.07,-171.512,-278.231,2523.88,2924.26,106.719,106.719,"forth","straight",2523.88,2924.26,34,36.5849999999996,1,-400.38,-429.526893939394,"right",-1.2264705882353,"-",2,"right",-1,-1,-1,-1,-1,-1,-1,-1,"-"
3901,995.735,-171.979,2525.99,933.669,-270.534,2995.32,-221.2565,2760.655,-163.431,-270.534,2525.99,2968.07,107.103,107.103,"forth","straight",2525.99,2968.07,33,-12.5249999999996,1,-442.08,-471.226893939394,"right",-0.404545454545438,"-",2,"right",-1,-1,-1,-1,-1,-1,-1,-1,"-"
3934,987.534,-163.062,2528.19,914.531,-246.784,2968.07,-204.923,2748.13,-171.835,-246.784,2528.19,2983.62,74.949,74.949,"forth","straight",2528.19,2983.62,34,10.6349999999998,1,-455.43,-484.576893939394,"right",-0.17588235294119,"-",2,"right",-1,-1,-1,-1,-1,-1,-1,-1,"-"
3968,980.682,-163.431,2533.91,930.021,-237.377,2983.62,-200.404,2758.765,-163.431,-237.377,2533.91,2995.32,73.946,73.946,"forth","straight",2533.91,2995.32,66,123.605,1,-461.41,-490.556893939394,"right",1.41348484848485,"-",2,"right",-1,2,-1,-1,-1,-1,-1,-1,"-"
4034,993.987,-174.034,2698.31,1002.02,-232.968,3066.43,-203.501,2882.37,-163.062,-237.377,2698.31,3066.43,74.315,74.315,"forth","straight",2698.31,3066.43,33,11.25,1,-368.12,-397.266893939394,"right",-0.295151515151522,"-",2,"right",-1,-1,-1,-1,-1,-1,-1,-1,"-"
4067,996.336,-153.105,2704.69,1018.35,-231.982,3082.55,-192.5435,2893.62,-153.105,-237.377,2704.69,3082.55,84.272,84.272,"forth","straight",2704.69,3082.55,35,74.645,1,-377.86,-407.006893939394,"right",-0.941142857142846,"-",2,"right",-1,-1,-1,-1,-1,-1,-1,-1,"-"
4102,975.106,-133.721,2704.99,1055.98,-245.512,3231.54,-189.6165,2968.265,-136.141,-236.695,2704.69,3115.49,100.554,100.554,"forth","straight",2704.69,3115.49,33,-0.409999999999854,1,-410.8,-439.946893939394,"right",0.00909090909090082,"-",2,"right",-1,-1,-1,-1,-1,-1,-1,-1,"-"
4135,951.276,-136.141,2753.96,1003.19,-241.73,3181.75,-188.9355,2967.855,-133.721,-236.695,2704.99,3115.49,102.974,102.974,"forth","straight",2704.99,3115.49,33,-60.8650000000002,1,-410.5,-439.646893939394,"right",-0.457575757575755,"-",2,"right",-1,-1,-1,-1,-1,-1,-1,-1,"-"
4168,901.146,-123.721,2698.49,959.954,-236.695,3115.49,-180.208,2906.99,-127.53,-241.73,2727.52,3153.12,114.2,114.2,"forth","straight",2727.52,3153.12,34,-15.4649999999997,1,-425.6,-454.746893939394,"right",1.88441176470589,"-",2,"right",-1,-1,-1,-1,-1,-1,-1,-1,"-"
4202,871.715,-125.053,2727.52,930.522,-232.14,3055.53,-178.5965,2891.525,-127.53,-241.73,2753.96,3115.49,114.2,114.2,"forth","straight",2753.96,3115.49,33,75.8099999999999,1,-361.53,-390.676893939394,"right",1.05363636363636,"-",2,"right",-1,-1,-1,-1,-1,-1,-1,-1,"-"
4235,847.083,-127.53,2781.55,960.241,-250.862,3153.12,-189.196,2967.335,-127.53,-250.862,2781.55,3108.31,123.332,123.332,"forth","straight",2781.55,3108.31,34,1.17500000000018,1,-326.76,-355.906893939394,"right",1.45558823529411,"-",2,"right",-1,-1,-1,-1,-1,-1,-1,-1,"-"
4269,839.818,-129.799,2831.04,945.886,-258.251,3105.98,-194.025,2968.51,-129.799,-258.251,2831.04,3108.31,128.452,128.452,"forth","straight",2831.04,3108.31,33,77.3949999999995,1,-277.27,-306.416893939394,"right",3.68151515151514,"-",2,"right",-1,-1,-1,-1,-1,-1,-1,-1,"-"
4302,840.107,-136.789,2983.5,946.594,-258.445,3108.31,-197.617,3045.905,-136.789,-258.251,2983.5,3139.28,121.462,121.462,"forth","straight",2983.5,3139.28,34,22.2800000000007,1,-155.78,-184.926893939394,"right",0.191470588235301,"-",2,"right",-1,-1,-1,-1,-1,-1,-1,-1,"-"
4336,831.217,-137.087,2990.01,958.184,-261.609,3146.36,-199.348,3068.185,-137.087,-258.251,2990.01,3139.28,121.164,121.164,"forth","straight",2990.01,3139.28,33,22.2199999999998,1,-149.27,-178.416893939394,"right",1.34666666666667,"-",2,"right",-1,-1,-1,-1,-1,-1,-1,-1,"-"
4369,834.632,-150.357,3041.53,967.285,-249.761,3139.28,-200.059,3090.405,-142.194,-258.194,3041.53,3146.36,116,116,"forth","straight",3041.53,3146.36,33,74.48,1,-104.83,-133.976893939394,"right",-0.0312121212121135,"-",2,"right",-1,-1,-1,-1,-1,-1,-1,-1,"-"
4402,843.42,-143.163,3122.53,988.226,-255.168,3207.24,-199.1655,3164.885,-142.643,-255.168,3101.38,3207.24,112.525,112.525,"forth","straight",3101.38,3207.24,34,8.44499999999971,1,-105.86,-135.006893939394,"right",-0.496764705882363,"-",2,"right",-1,-1,-1,-1,-1,-1,-1,-1,"-"
4436,851.055,-142.194,3101.38,999.945,-258.194,3245.28,-200.194,3173.33,-142.643,-249.761,3122.53,3245.28,107.118,107.118,"forth","straight",3122.53,3245.28,33,32.96,1,-122.75,-151.896893939394,"right",0.952424242424251,"-",2,"right",-1,-1,-1,-1,-1,-1,-1,-1,"-"
4469,889.984,-142.643,3160.63,990.34,-247.063,3251.95,-194.853,3206.29,-142.194,-248.271,3160.63,3251.95,106.077,106.077,"forth","straight",3160.63,3251.95,34,54.9200000000001,1,-91.3199999999997,-120.466893939394,"right",2.69470588235294,"-",2,"right",-1,-1,-1,-1,-1,-1,-1,-1,"-"
4503,918.348,-135.493,3261.36,1004.81,-247.755,3261.06,-191.624,3261.21,-137.074,-248.271,3261.36,3261.06,111.197,111.197,"forth","straight",3261.36,3261.06,33,9.18499999999995,1,0.300000000000182,-28.8468939393937,"right",0.14454545454544,"-",2,"right",-1,-1,-1,-1,-1,-1,-1,-1,"-"
4536,921.606,-135.973,3272.93,992.839,-248.271,3267.86,-192.122,3270.395,-137.074,-248.271,3272.93,3267.86,111.197,111.197,"forth","straight",3272.93,3267.86,34,17.1799999999998,1,5.06999999999971,-24.0768939393942,"right",0.547058823529422,"-",2,"right",-1,-1,-1,-1,-1,-1,-1,-1,"-"
4570,955.095,-137.074,3299.41,995.234,-248.87,3275.74,-192.972,3287.575,-137.074,-248.87,3299.41,3275.74,111.796,111.796,"forth","straight",3299.41,3275.74,34,37.7350000000001,1,23.6700000000001,-5.47689393939385,"right",1.44970588235294,"-",2,"right",-1,-1,-1,-1,-1,-1,-1,-1,"-"
4604,958.685,-139.665,3361.79,1001.57,-261.66,3288.83,-200.6625,3325.31,-139.665,-261.66,3361.79,3288.83,121.995,121.995,"forth","straight",3361.79,3288.83,32,25.6650000000004,1,72.96,43.8131060606061,"left",1.1684375,"-",3,"left",-1,-1,-1,-1,-1,-1,-1,-1,"-"
4636,946.904,-141.508,3406.15,1001.33,-262.214,3295.8,-201.861,3350.975,-141.508,-262.214,3406.15,3295.8,120.706,120.706,"forth","straight",3406.15,3295.8,34,25.6099999999997,1,110.35,81.203106060606,"left",0.60529411764707,"-",3,"left",-1,-1,-1,-1,-1,-1,-1,-1,"-"
4670,956.883,-142.999,3442.05,994.109,-263.433,3311.12,-203.216,3376.585,-142.999,-263.433,3442.05,3311.12,120.434,120.434,"forth","straight",3442.05,3311.12,34,43.79,1,130.93,101.783106060606,"left",1.91470588235293,"-",3,"left",-1,-1,-1,-1,-1,-1,-1,-1,"-"
4704,978.105,-146.171,3518.39,985.567,-264.327,3322.36,-205.249,3420.375,-146.171,-264.327,3518.39,3322.36,118.156,118.156,"forth","straight",3518.39,3322.36,33,20.0949999999998,1,196.03,166.883106060606,"left",1.01545454545455,"-",3,"left",-1,-1,-1,-1,-1,-1,-1,-1,"-"
4737,975.599,-147.702,3555.24,998.485,-264.593,3325.7,-206.1475,3440.47,-147.702,-264.593,3555.24,3325.7,116.891,116.891,"forth","straight",3555.24,3325.7,33,37.9000000000001,1,229.54,200.393106060606,"left",1.14,"-",3,"left",-1,-1,-1,-1,-1,-1,-1,-1,"-"
4770,978.206,-150.058,3611.95,1004.22,-266.112,3344.79,-208.085,3478.37,-150.058,-266.112,3611.95,3344.79,116.054,116.054,"forth","straight",3611.95,3344.79,34,45.3950000000004,1,267.16,238.013106060606,"left",1.50088235294118,"-",3,"left",-1,-1,-1,-1,-1,-1,-1,-1,"-"
4804,994.769,-155.645,3682.86,1010.19,-267.693,3364.67,-211.669,3523.765,-155.645,-267.693,3682.86,3364.67,112.048,112.048,"forth","straight",3682.86,3364.67,33,35.0849999999996,1,318.19,289.043106060606,"left",0.581515151515153,"-",3,"left",-1,-1,-1,-1,-1,-1,-1,-1,"-"
4837,980.101,-168.228,3727.54,981.362,-269.721,3390.16,-218.9745,3558.85,-168.228,-269.721,3727.54,3390.16,101.493,101.493,"forth","straight",3727.54,3390.16,33,39.5050000000001,1,337.38,308.233106060606,"left",0.78030303030303,"-",3,"left",-1,-1,-1,-1,-1,-1,-1,-1,"-"
4870,980.318,-170.592,3779.92,1001.33,-271.84,3416.79,-221.216,3598.355,-170.592,-271.84,3779.92,3416.79,101.248,101.248,"forth","straight",3779.92,3416.79,34,60.3699999999999,1,363.13,333.983106060606,"left",0.932647058823517,"-",3,"left",-1,-1,-1,-1,-1,-1,-1,-1,"-"
4904,966.542,-176.229,3843.74,1030.47,-276.369,3473.71,-226.299,3658.725,-176.229,-276.369,3843.74,3448.9,100.14,100.14,"forth","straight",3843.74,3448.9,34,-3.67999999999984,1,394.84,365.693106060606,"left",-0.216470588235284,"-",3,"left",3,-1,1400.97,-1,100.14,-1,1639,-1,"-"
4938,987.548,-190.877,3861.19,983.524,-286.763,3448.9,-238.82,3655.045,-190.877,-286.763,3861.19,3473.71,95.886,95.886,"forth","straight",3861.19,3473.71,34,22.98,1,387.48,358.333106060606,"left",0.0126470588235246,"-",3,"left",-1,-1,-1,-1,-1,-1,-1,-1,"-"
4972,1018.08,-191.41,3871.98,981.059,-302.183,3484.07,-246.7965,3678.025,-191.41,-302.183,3871.98,3484.07,110.773,110.773,"forth","straight",3871.98,3484.07,33,22.8299999999999,1,387.91,358.763106060606,"left",-1.16787878787879,"-",3,"left",-1,-1,-1,-1,-1,-1,-1,-1,"-"
5005,1005.12,-205.486,3875.54,980.269,-333.656,3526.17,-269.571,3700.855,-194.833,-333.656,3875.54,3526.17,138.823,138.823,"forth","straight",3875.54,3526.17,33,57.1199999999999,1,349.37,320.223106060606,"left",-0.402727272727272,"-",3,"left",-1,-1,-1,-1,-1,-1,-1,-1,"-"
5038,999.287,-207.741,3918.08,984.715,-340.44,3597.87,-274.0905,3757.975,-194.833,-333.656,3918.08,3582,138.823,138.823,"forth","straight",3918.08,3582,33,85.0250000000001,1,336.08,306.933106060606,"left",0.617272727272724,"-",3,"left",-1,-1,-1,-1,-1,-1,-1,-1,"-"
5071,993.883,-194.833,3941.22,1027.61,-354.341,3744.78,-274.587,3843,-205.486,-333.656,3938.45,3582,128.17,128.17,"forth","straight",3938.45,3582,34,-82.1750000000002,1,356.45,327.303106060606,"left",-0.431470588235283,"-",3,"left",-1,-1,-1,-1,-1,-1,-1,-1,"-"
5105,990.66,-194.756,3939.65,982.942,-323.523,3582,-259.1395,3760.825,-195.759,-323.523,3939.65,3597.87,127.764,127.764,"forth","straight",3939.65,3597.87,33,-42.75,1,341.78,312.633106060606,"left",-2.45333333333335,"-",3,"left",-1,-1,-1,-1,-1,-1,-1,-1,"-"
5138,990.359,-208.821,3938.45,944.755,-303.365,3497.7,-256.093,3718.075,-195.381,-303.365,3941.22,3680.4,107.984,107.984,"forth","straight",3941.22,3680.4,33,102.095,1,260.82,231.673106060606,"left",0.33545454545455,"-",3,"left",-1,-1,-1,-1,-1,-1,-1,-1,"-"
5171,995.763,-195.759,3959.94,912.271,-292.813,3680.4,-244.286,3820.17,-195.759,-300.032,3952.29,3680.4,104.273,104.273,"forth","straight",3952.29,3680.4,34,39.3149999999996,1,271.89,242.743106060606,"left",-2.31264705882352,"-",3,"left",-1,-1,-1,-1,-1,-1,-1,-1,"-"
5205,979.665,-195.381,3952.29,890.43,-299.677,3766.68,-247.529,3859.485,-197.361,-300.032,3959.94,3766.68,102.671,102.671,"forth","straight",3959.94,3766.68,34,22.2600000000002,1,193.26,164.113106060606,"left",0.822058823529406,"-",3,"left",-1,-1,-1,-1,-1,-1,-1,-1,"-"
5239,1003.91,-197.361,3992.35,864.434,-300.032,3771.14,-248.6965,3881.745,-197.361,-299.677,3992.35,3771.14,102.316,102.316,"forth","straight",3992.35,3771.14,33,23.9650000000001,1,221.21,192.063106060606,"left",-0.189393939393939,"-",3,"left",-1,-1,-1,-1,-1,-1,-1,-1,"-"
5272,1009.15,-198.391,4013.19,840.676,-302.187,3798.23,-250.289,3905.71,-198.391,-299.677,4013.19,3798.23,101.286,101.286,"forth","straight",4013.19,3798.23,33,17.29,1,214.96,185.813106060606,"left",-0.0587878787878667,"-",3,"left",-1,-1,-1,-1,-1,-1,-1,-1,"-"
5305,1013.26,-199.198,4029.51,831.03,-289.953,3816.49,-244.5755,3923,-199.198,-291.989,4029.51,3816.49,92.791,92.791,"forth","straight",4029.51,3816.49,34,23.3600000000001,1,213.02,183.873106060607,"left",-0.00323529411766418,"-",3,"left",-1,-1,-1,-1,-1,-1,-1,-1,"-"
5339,1021.75,-200.867,4063.28,833.85,-290.937,3829.44,-245.902,3946.36,-199.833,-291.989,4042.35,3829.44,92.156,92.156,"forth","straight",4042.35,3829.44,33,-3.54000000000042,1,212.91,183.763106060606,"left",0.116060606060618,"-",3,"left",-1,-1,-1,-1,-1,-1,-1,-1,"-"
5372,1001.99,-199.833,4042.35,853.407,-291.989,3843.29,-245.911,3942.82,-200.707,-291.989,4060.03,3843.29,91.282,91.282,"forth","straight",4060.03,3843.29,35,28.1700000000001,1,216.74,187.593106060606,"left",-1.01171428571428,"-",3,"left",-1,-1,-1,-1,-1,-1,-1,-1,"-"
5407,1006.37,-200.707,4060.03,861.991,-294.926,3881.95,-247.8165,3970.99,-200.867,-294.926,4063.28,3881.95,94.059,94.059,"forth","straight",4063.28,3881.95,33,40.915,1,181.33,152.183106060606,"left",-0.518181818181829,"-",3,"left",-1,-1,-1,-1,-1,-1,-1,-1,"-"
5440,1014.79,-202.387,4094.02,900.8,-298.56,3929.79,-250.4735,4011.905,-202.387,-298.56,4094.02,3929.79,96.173,96.173,"forth","straight",4094.02,3929.79,34,35.2950000000001,1,164.23,135.083106060606,"left",-1.82558823529412,"-",3,"left",-1,-1,-1,-1,-1,-1,-1,-1,"-"
5474,1015.85,-202.598,4098.28,901.673,-303.6,3996.12,-253.099,4047.2,-202.598,-303.6,4098.28,3996.12,101.002,101.002,"forth","straight",4098.28,3996.12,33,59.5450000000001,1,102.16,73.0131060606059,"left",-1.40757575757574,"-",3,"left",-1,-1,-1,-1,-1,-1,-1,-1,"-"
5507,1024.85,-204.393,4134.6,949.606,-324.517,4078.89,-264.455,4106.745,-204.393,-314.377,4134.6,4078.89,109.984,109.984,"forth","straight",4134.6,4078.89,33,25.9200000000001,1,55.7100000000005,26.5631060606066,"left",-0.867272727272738,"-",3,"left",-1,-1,-1,-1,-1,-1,-1,-1,"-"
5540,1027.73,-204.967,4146.21,958.971,-327.717,4119.12,-266.342,4132.665,-204.967,-318.441,4146.21,4119.12,113.474,113.474,"forth","straight",4146.21,4119.12,33,21.0749999999998,1,27.0900000000001,-2.05689393939378,"left",0.134848484848479,"-",3,"left",-1,-1,-1,-1,-1,-1,-1,-1,"-"
5573,1033.51,-206.119,4169.51,933.68,-314.377,4137.97,-260.248,4153.74,-206.119,-318.897,4169.51,4137.97,112.778,112.778,"forth","straight",4169.51,4137.97,34,35.0450000000001,1,31.54,2.39310606060604,"right",-1.21470588235295,"-",4,"right",-1,-1,-1,-1,-1,-1,-1,-1,"-"
5607,1037.62,-206.939,4186.11,912.679,-318.441,4191.46,-262.69,4188.785,-206.721,-318.441,4181.7,4191.46,111.72,111.72,"forth","straight",4181.7,4191.46,33,20.8050000000003,1,-9.76000000000022,-38.9068939393941,"right",-1.26090909090908,"-",4,"right",-1,-1,-1,-1,-1,-1,-1,-1,"-"
5640,1021.53,-206.721,4181.7,937.896,-318.897,4237.48,-262.809,4209.59,-206.721,-314.377,4186.11,4237.48,107.656,107.656,"forth","straight",4186.11,4237.48,33,71.6599999999999,1,-51.3699999999999,-80.5168939393938,"right",-0.811212121212107,"-",4,"right",-1,-1,-1,-1,-1,-1,-1,-1,"-"
5673,1036.31,-209.711,4242.18,925.245,-309.638,4320.32,-259.6745,4281.25,-206.721,-318.389,4242.18,4320.32,111.668,111.668,"forth","straight",4242.18,4320.32,34,53.5150000000003,1,-78.1399999999994,-107.286893939393,"right",-0.250882352941196,"-",4,"right",-1,-1,-1,-1,-1,-1,-1,-1,"-"
5707,1048.34,-196.755,4291.43,937.618,-313.779,4378.1,-255.267,4334.765,-198.827,-318.389,4291.43,4378.1,119.562,119.562,"forth","straight",4291.43,4378.1,33,47.6699999999992,1,-86.6700000000001,-115.816893939394,"right",-1.00969696969699,"-",4,"right",-1,-1,-1,-1,-1,-1,-1,-1,"-"
5740,1040.41,-198.177,4322.44,951.396,-318.389,4442.43,-258.283,4382.435,-198.827,-318.389,4322.44,4442.43,119.562,119.562,"forth","straight",4322.44,4442.43,34,23.4549999999999,1,-119.990000000001,-149.136893939395,"right",-0.546176470588227,"-",4,"right",-1,-1,-1,-1,-1,-1,-1,-1,"-"
5774,1043.82,-198.827,4336.61,958.406,-320.736,4475.17,-259.7815,4405.89,-198.827,-318.389,4336.61,4475.17,119.562,119.562,"forth","straight",4336.61,4475.17,33,29.4050000000007,1,-138.56,-167.706893939394,"right",-0.664848484848473,"-",4,"right",-1,-1,-1,-1,-1,-1,-1,-1,"-"
5807,1043.81,-199.418,4349.51,984.453,-324.026,4521.08,-261.722,4435.295,-199.418,-318.389,4349.51,4510.01,118.971,118.971,"forth","straight",4349.51,4510.01,34,2.14999999999964,1,-160.5,-189.646893939394,"right",0.126470588235299,"-",4,"right",-1,-1,-1,-1,-1,-1,-1,-1,"-"
5841,1031.84,-200.123,4364.88,982.042,-307.058,4510.01,-253.5905,4437.445,-200.123,-311.154,4364.88,4521.08,111.031,111.031,"forth","straight",4364.88,4521.08,33,28.8000000000011,1,-156.2,-185.346893939394,"right",-0.166969696969704,"-",4,"right",-1,-1,-1,-1,-1,-1,-1,-1,"-"
5874,1036.69,-201.063,4385.39,973.812,-309.584,4547.1,-255.3235,4466.245,-200.123,-311.154,4385.39,4547.1,111.031,111.031,"forth","straight",4385.39,4547.1,33,17.4799999999996,1,-161.71,-190.856893939394,"right",-0.338181818181814,"-",4,"right",-1,-1,-1,-1,-1,-1,-1,-1,"-"
5907,992.193,-201.609,4397.29,978.75,-311.154,4570.16,-256.3815,4483.725,-200.123,-311.154,4397.29,4570.16,111.031,111.031,"forth","straight",4397.29,4570.16,34,25.6899999999996,1,-172.87,-202.016893939394,"right",-0.0670588235294043,"-",4,"right",-1,-1,-1,-1,-1,-1,-1,-1,"-"
5941,978.703,-199.563,4421.84,984.496,-312.98,4596.99,-256.2715,4509.415,-199.563,-312.98,4421.84,4596.99,113.417,113.417,"forth","straight",4421.84,4596.99,33,30.7200000000003,1,-175.15,-204.296893939394,"right",-1.80787878787881,"-",4,"right",-1,-1,-1,-1,-1,-1,-1,-1,"-"
5974,963.038,-186.914,4422.73,997.463,-317.103,4657.54,-252.0085,4540.135,-190.973,-317.103,4422.73,4657.54,126.13,126.13,"forth","straight",4422.73,4657.54,32,80.625,1,-234.81,-263.956893939394,"right",-0.599687499999987,"-",4,"right",-1,-1,-1,-1,-1,-1,-1,-1,"-"
6006,967.745,-190.973,4518.77,1011.43,-321.542,4722.75,-256.2575,4620.76,-186.914,-319.627,4440.62,4694.62,132.713,132.713,"forth","straight",4440.62,4694.62,35,-53.1400000000003,1,-254,-283.146893939394,"right",-0.163999999999994,"-",4,"right",-1,-1,-1,-1,-1,-1,-1,-1,"-"
6041,951.009,-184.485,4440.62,988.567,-319.627,4694.62,-252.056,4567.62,-185.558,-321.542,4463.01,4722.75,135.984,135.984,"forth","straight",4463.01,4722.75,34,30.2050000000008,1,-259.74,-288.886893939394,"right",-0.189705882352963,"-",4,"right",-1,-1,-1,-1,-1,-1,-1,-1,"-"
6075,955.802,-185.415,4463.01,1013.55,-322.216,4732.64,-253.8155,4597.825,-185.558,-322.216,4466.45,4732.64,136.658,136.658,"forth","straight",4466.45,4732.64,34,10.7599999999993,1,-266.190000000001,-295.336893939394,"right",-0.531764705882351,"-",4,"right",-1,-1,-1,-1,-1,-1,-1,-1,"-"
6109,956.54,-185.558,4466.45,1017.42,-323.447,4750.72,-254.5025,4608.585,-185.558,-323.447,4466.45,4750.72,137.889,137.889,"forth","straight",4466.45,4750.72,34,79.0600000000004,1,-284.27,-313.416893939394,"right",-0.695588235294107,"-",4,"right",-1,-1,-1,-1,-1,-1,-1,-1,"-"
6143,967.89,-187.76,4519.45,1039.93,-348.018,4855.84,-267.889,4687.645,-187.76,-328.666,4519.45,4827.37,140.906,140.906,"forth","straight",4519.45,4827.37,33,-5.94000000000051,1,-307.92,-337.066893939394,"right",-0.360000000000003,"-",4,"right",-1,-1,-1,-1,-1,-1,-1,-1,"-"
6176,935.653,-188.449,4536.04,1033.83,-328.666,4827.37,-258.5575,4681.705,-188.449,-332.536,4536.04,4855.84,144.087,144.087,"forth","straight",4536.04,4855.84,33,46.4400000000005,1,-319.8,-348.946893939394,"right",0.231818181818171,"-",4,"right",-1,4,-1,1860.52,-1,144.087,-1,2208,"-"
6209,943.086,-189.946,4572.07,1046.01,-332.536,4884.22,-261.241,4728.145,-189.946,-334.939,4572.07,4884.22,144.993,144.993,"forth","straight",4572.07,4884.22,33,48.3249999999998,1,-312.150000000001,-341.296893939394,"right",0.789393939393945,"-",4,"right",-1,-1,-1,-1,-1,-1,-1,-1,"-"
6242,992.298,-192.495,4633.42,1053.57,-334.939,4919.52,-263.717,4776.47,-192.495,-334.939,4633.42,4919.52,142.444,142.444,"forth","straight",4633.42,4919.52,33,39.5050000000001,1,-286.1,-315.246893939394,"right",1.24939393939395,"-",4,"right",-1,-1,-1,-1,-1,-1,-1,-1,"-"
6275,988.34,-194.992,4693.54,1057.61,-336.225,4938.41,-265.6085,4815.975,-194.992,-336.225,4693.54,4938.41,141.233,141.233,"forth","straight",4693.54,4938.41,34,30.8949999999995,1,-244.87,-274.016893939394,"right",0.787647058823522,"-",4,"right",-1,-1,-1,-1,-1,-1,-1,-1,"-"
6309,959.549,-196.681,4734.19,1062.14,-337.664,4959.55,-267.1725,4846.87,-196.681,-337.17,4734.19,4952.28,140.489,140.489,"forth","straight",4734.19,4952.28,34,19.5600000000004,1,-218.09,-247.236893939394,"right",0.790588235294121,"-",4,"right",-1,-1,-1,-1,-1,-1,-1,-1,"-"
6343,966.47,-198.1,4768.34,1063.21,-338.003,4964.52,-268.0515,4866.43,-198.1,-337.664,4768.34,4959.55,139.564,139.564,"forth","straight",4768.34,4959.55,33,133.459999999999,1,-191.21,-220.356893939394,"right",7.82242424242422,"-",4,"right",-1,-1,-1,-1,-1,-1,-1,-1,"-"
6376,968.745,-209.697,5047.5,1025.06,-337.17,4952.28,-273.4335,4999.89,-209.697,-338.003,5031.45,4964.52,128.306,128.306,"forth","straight",5031.45,4964.52,33,14.5350000000008,1,66.9299999999994,37.7831060606055,"left",-0.353030303030292,"-",5,"left",5,-1,1187.71,-1,128.306,-1,1472,-1,"-"
6409,969.739,-209.913,5052.68,1047.86,-338.797,4976.17,-274.355,5014.425,-209.913,-338.797,5031.45,4976.17,128.884,128.884,"forth","straight",5031.45,4976.17,34,1.85999999999967,1,55.2799999999997,26.1331060606058,"left",-0.646764705882346,"-",5,"left",-1,-1,-1,-1,-1,-1,-1,-1,"-"
6443,962.055,-212.639,5031.45,1053.11,-340.495,5001.12,-276.567,5016.285,-212.639,-340.294,5031.45,4998.16,127.655,127.655,"forth","straight",5031.45,4998.16,33,-15.8449999999993,1,33.29,4.14310606060604,"left",-0.0896969696969708,"-",5,"left",-1,-1,-1,-1,-1,-1,-1,-1,"-"
6476,938.621,-229.367,5002.72,1030.98,-340.294,4998.16,-284.8305,5000.44,-229.367,-340.495,5031.45,5001.12,111.128,111.128,"forth","straight",5031.45,5001.12,34,33.3299999999999,1,30.3299999999999,1.183106060606,"left",-0.659117647058819,"-",5,"left",-1,-1,-1,-1,-1,-1,-1,-1,"-"
6510,938.985,-247.404,5004.66,1026.17,-344.7,5062.88,-296.052,5033.77,-247.404,-342.021,5031.45,5023.53,94.617,94.617,"forth","straight",5031.45,5023.53,34,-4.08500000000095,1,7.92000000000007,-21.2268939393939,"right",-1.02823529411765,"-",6,"right",-1,-1,-1,-1,-1,-1,-1,-1,"-"
6544,944.834,-248.946,5035.84,1036.21,-342.021,5023.53,-295.4835,5029.685,-248.946,-344.7,5035.84,5062.88,95.754,95.754,"forth","straight",5035.84,5062.88,33,47.8650000000007,1,-27.04,-56.1868939393939,"right",0.668484848484861,"-",6,"right",-1,6,-1,207.04,-1,95.754,-1,368,"-"
6577,952.194,-269.085,5075.06,1047.87,-364.087,5080.04,-316.586,5077.55,-269.085,-364.087,5075.06,5080.04,95.002,95.002,"forth","straight",5075.06,5080.04,33,23.71,1,-4.97999999999956,-34.1268939393935,"right",0.656060606060595,"-",6,"right",-1,-1,-1,-1,-1,-1,-1,-1,"-"
6610,960.492,-271.431,5119.29,1048.52,-364.315,5083.23,-317.873,5101.26,-269.085,-364.087,5096.71,5080.04,95.002,95.002,"forth","straight",5096.71,5080.04,33,-7.34000000000015,1,16.6700000000001,-12.4768939393939,"right",0.587575757575768,"-",6,"right",-1,-1,-1,-1,-1,-1,-1,-1,"-"
6643,974.534,-270.233,5096.71,1050.15,-364.881,5091.13,-317.557,5093.92,-269.085,-364.087,5119.29,5083.23,95.002,95.002,"forth","straight",5119.29,5083.23,35,33.5499999999993,1,36.0600000000004,6.91310606060647,"left",-0.0525714285714327,"short",-1,"-",-1,-1,-1,-1,-1,-1,-1,-1,"left"
6678,990.18,-256,5178.54,1047.11,-345.62,5076.4,-300.81,5127.47,-270.233,-364.315,5119.29,5085.07,94.082,94.082,"forth","straight",5119.29,5085.07,34,14.375,1,34.2200000000003,5.07310606060633,"left",0.089999999999985,"short",-1,"-",-1,-1,-1,-1,-1,-1,-1,-1,"left"
6712,997.749,-256.993,5198.62,1048.9,-346.211,5085.07,-301.602,5141.845,-270.233,-364.881,5128.41,5091.13,94.648,94.648,"forth","buffer",5128.41,5091.13,32,-25.3549999999996,-1,37.2799999999997,8.13310606060582,"left",-0.297812499999992,"-",-1,"-",-1,-1,-1,-1,-1,-1,-1,-1,"left"
6744,1000.58,-271.348,5117.73,1055.13,-366.61,5115.25,-318.979,5116.49,-271.348,-350.988,5143,5115.25,79.64,79.64,"forth","buffer",5143,5115.25,33,23.3299999999999,-1,27.75,-1.39689393939393,"right",-1.09030303030302,"-",-1,"-",-1,-1,-1,-1,-1,-1,-1,-1,"left"
6777,1002.66,-271.914,5128.41,1062.55,-369.189,5151.23,-320.5515,5139.82,-271.914,-366.61,5143,5151.23,94.696,94.696,"forth","buffer",5143,5151.23,34,9.30000000000018,-1,-8.22999999999956,-37.3768939393935,"right",-0.117941176470595,"-",-1,"-",-1,-1,-1,-1,-1,-1,-1,-1,"left"
6811,1005.52,-272.688,5143,1063.38,-350.988,5155.24,-311.838,5149.12,-272.688,-369.189,5143,5155.24,96.501,96.501,"forth","buffer",5143,5155.24,33,15.2550000000001,-1,-12.2399999999998,-41.3868939393937,"right",-0.893030303030283,"-",-1,"-",-1,-1,-1,-1,-1,-1,-1,-1,"left"
6844,1005.62,-272.715,5143.52,1050.97,-371.626,5185.23,-322.1705,5164.375,-272.715,-371.626,5143.52,5185.23,98.911,98.911,"forth","buffer",5143.52,5185.23,34,67.8449999999993,-1,-41.7099999999991,-70.856893939393,"right",1.32558823529408,"-",-1,"-",-1,-1,-1,-1,-1,-1,-1,-1,"left"
6878,1004.52,-277.507,5233.9,1041.39,-374.873,5230.54,-326.19,5232.22,-277.507,-374.873,5233.9,5230.54,97.366,97.366,"forth","buffer",5233.9,5230.54,33,36.9549999999999,-1,3.35999999999967,-25.7868939393943,"right",-1.46545454545454,"-",-1,"-",-1,-1,-1,-1,-1,-1,-1,-1,"left"
6911,986.789,-278.862,5259.45,1013.16,-378.339,5278.9,-328.6005,5269.175,-278.862,-374.873,5233.9,5278.9,96.011,96.011,"forth","turn",5233.9,5278.9,34,51.0800000000008,-1,-45,-74.1468939393939,"right",-0.090294117647077,"-",-1,"-",-1,-1,-1,-1,-1,-1,-1,-1,"left"
6945,991.089,-280.077,5282.37,1005.31,-384.018,5358.14,-332.0475,5320.255,-280.077,-374.873,5233.9,5281.97,94.796,94.796,"forth","turn",5233.9,5281.97,34,-63.1000000000004,-1,-48.0700000000006,-77.2168939393945,"right",4.55195943280443,"-",-1,"-",-1,-1,-1,-1,-1,-1,-1,-1,"left"
6979,996.356,-316.973,5203.87,995.024,-361.555,5310.44,-339.264,5257.155,-361.555,-316.973,5310.44,5259.45,-44.582,44.582,"back","turn",98.6900000000005,47.7000000000007,133,-14.5050000000001,-1,50.9899999999998,77.5497267759561,"left",0.186315789473689,"-",-1,"-",-1,-1,-1,-1,-1,-1,-1,-1,"left"
7112,976.26,-372.923,5203.33,991.014,-298.999,5281.97,-335.961,5242.65,-318.764,-298.999,5282.37,5358.14,-19.765,19.765,"back","turn",75.7700000000004,0,301,285.8,-1,75.7700000000004,102.329726775957,"left",-0.364418604651164,"-",-1,"-",-1,-1,-1,-1,-1,-1,-1,-1,"left"
7413,1040.44,-357.664,5545.41,1014.31,-248.74,5511.49,-303.202,5528.45,-318.764,-248.74,5545.41,5511.49,-70.024,70.024,"back","turn",-187.27,-153.349999999999,234,155.825,-1,-33.9200000000001,-7.36027322404376,"left",0.564273504273504,"-",-1,"-",-1,-1,-1,-1,-1,-1,-1,-1,"left"
7647,1056.52,-318.764,5631.13,1076.47,-110.787,5737.42,-214.7755,5684.275,-318.764,-110.787,5615.7,5713.82,-207.977,207.977,"back","buffer",-257.559999999999,-355.679999999999,101,-19.5149999999994,2,98.1199999999999,124.679726775956,"left",0.20485148514852,"-",7,"left",-1,-1,-1,-1,-1,-1,-1,-1,"-"
7748,1053.63,-297.75,5615.7,1072.04,-110.331,5713.82,-204.0405,5664.76,-298.012,-110.74,5615.7,5734.51,-187.272,187.272,"back","buffer",-257.559999999999,-376.37,34,13.0550000000003,2,118.81,145.369726775957,"left",0,"-",7,"left",-1,-1,-1,-1,-1,-1,-1,-1,"-"
7782,1054.55,-298.012,5620.62,1055.45,-110.74,5735.01,-204.376,5677.815,-297.75,-110.74,5615.7,5734.51,-187.01,187.01,"back","buffer",-257.559999999999,-376.37,65,-6.89000000000033,2,118.81,145.369726775957,"left",0.0972307692307647,"-",7,"left",-1,-1,-1,-1,-1,-1,-1,-1,"-"
7847,1052.06,-277.198,5607.34,1055.35,-110.73,5734.51,-193.964,5670.925,-277.198,-110.73,5607.34,5732.47,-166.468,166.468,"back","buffer",-249.2,-374.33,34,-99.9849999999997,2,125.13,151.689726775956,"left",0.96000000000001,"-",7,"left",-1,-1,-1,-1,-1,-1,-1,-1,"-"
7881,1044.95,-191.434,5569.45,1025.53,-231.505,5572.43,-211.4695,5570.94,-255.591,-110.73,5574.7,5732.47,-144.861,144.861,"back","buffer",-216.559999999999,-374.33,33,67.1749999999993,2,157.77,184.329726775957,"left",-0.0603030303030513,"-",7,"left",-1,-1,-1,-1,-1,-1,-1,-1,"-"
7914,1040.13,-254.173,5543.76,1054.98,-90.1326,5732.47,-172.1528,5638.115,-254.173,-90.1326,5574.7,5730.48,-164.0404,164.0404,"back","buffer",-216.559999999999,-372.339999999999,35,12.21,2,155.78,182.339726775956,"left",0.0840000000000145,"-",7,"left",-1,-1,-1,-1,-1,-1,-1,-1,"-"
7949,1025.94,-255.591,5574.7,1053.78,-90.03,5725.95,-172.8105,5650.325,-251.96,-90.1013,5569.45,5728.17,-161.8587,161.8587,"back","buffer",-211.309999999999,-370.03,33,6.33500000000004,2,158.72,185.279726775957,"left",0.0706060606060584,"-",7,"left",-1,-1,-1,-1,-1,-1,-1,-1,"-"
7982,1027.44,-251.96,5582.84,1054.61,-90.1013,5730.48,-171.03065,5656.66,-251.96,-90.065,5567.12,5728.17,-161.895,161.895,"back","buffer",-208.98,-370.03,31,-11.8950000000004,2,161.05,187.609726775956,"left",-0.303870967741938,"-",7,"left",7,-1,-1,-1,-1,-1,-1,-1,"-"
8013,1023.49,-235.035,5561.36,1054.19,-90.065,5728.17,-162.55,5644.765,-235.035,-90.065,5574.7,5726.33,-144.97,144.97,"back","buffer",-216.559999999999,-368.19,36,1.96000000000095,2,151.63,178.189726775956,"left",-0.00472222222222424,"-",7,"left",-1,-1,-1,-1,-1,-1,-1,-1,"-"
8049,1024.55,-231.285,5567.12,1053.85,-90.036,5726.33,-160.6605,5646.725,-231.92,-90.1013,5574.87,5726.33,-141.8187,141.8187,"back","buffer",-216.73,-368.19,33,-14.3700000000008,2,151.46,178.019726775956,"left",-0.135757575757563,"-",7,"left",-1,-1,-1,-1,-1,-1,-1,-1,"-"
8082,1025.98,-231.607,5574.87,1047.13,-109.868,5689.84,-170.7375,5632.355,-231.92,-90.065,5574.87,5721.85,-141.855,141.855,"back","buffer",-216.73,-363.71,33,1.11000000000058,2,146.98,173.539726775957,"left",-1.19878787878789,"-",7,"left",-1,-1,-1,-1,-1,-1,-1,-1,"-"
8115,1027.36,-231.92,5582.42,1046.15,-109.765,5684.51,-170.8425,5633.465,-231.92,-109.664,5582.42,5689.84,-122.256,122.256,"back","buffer",-224.28,-331.7,33,19.4400000000005,2,107.42,133.979726775956,"left",-0.208181818181815,"-",7,"left",-1,-1,-1,-1,-1,-1,-1,-1,"-"
8148,1027.65,-231.985,5583.96,1053.02,-89.9656,5721.85,-160.9753,5652.905,-231.985,-109.667,5583.96,5684.51,-122.318,122.318,"back","buffer",-225.82,-326.37,33,-12.7950000000001,2,100.55,127.109726775956,"left",-0.669393939393944,"-",7,"left",-1,-1,-1,-1,-1,-1,-1,-1,"-"
8181,1030.78,-252.778,5600.96,1045.19,-109.664,5679.26,-181.221,5640.11,-252.778,-109.664,5600.96,5679.42,-143.114,143.114,"back","buffer",-242.82,-321.28,34,3.17000000000007,2,78.46,105.019726775956,"left",-0.186470588235298,"-",7,"left",-1,-1,-1,-1,-1,-1,-1,-1,"-"
8215,1031.91,-253.057,5607.14,1045.22,-109.667,5679.42,-181.362,5643.28,-253.057,-109.64,5607.14,5679.26,-143.417,143.417,"back","buffer",-249,-321.12,33,6.21999999999935,2,72.1199999999999,98.6797267759562,"left",-0.41878787878787,"-",7,"left",-1,-1,-1,-1,-1,-1,-1,-1,"-"
8248,1034.46,-257.712,5620.96,1044.96,-109.64,5678.04,-183.676,5649.5,-257.712,-109.664,5620.96,5679.26,-148.048,148.048,"back","buffer",-262.82,-321.12,35,0.4950000000008,2,58.3000000000002,84.8597267759565,"left",-0.294857142857161,"-",7,"left",-1,-1,-1,-1,-1,-1,-1,-1,"-"
8283,1036.13,-258.13,5630.06,1043.47,-109.484,5669.93,-183.807,5649.995,-258.13,-109.64,5630.06,5678.04,-148.49,148.49,"back","buffer",-271.92,-319.9,33,10.4149999999991,2,47.9799999999996,74.5397267759559,"left",-0.221212121212099,"-",7,"left",-1,-1,-1,-1,-1,-1,-1,-1,"-"
8316,1037.47,-258.464,5637.36,1045.96,-109.745,5683.46,-184.1045,5660.41,-258.464,-109.64,5637.36,5678.04,-148.824,148.824,"back","buffer",-279.219999999999,-319.9,34,10.4650000000001,2,40.6800000000003,67.2397267759566,"left",-0.811176470588233,"-",7,"left",-1,-1,-1,-1,-1,-1,-1,-1,"-"
8350,1043.45,-280.287,5669.84,1043.83,-109.522,5671.91,-194.9045,5670.875,-279.827,-109.555,5660.54,5673.64,-170.272,170.272,"back","buffer",-302.4,-315.5,33,23.3449999999993,2,13.1000000000004,39.6597267759567,"left",0.0157575757575614,"-",7,"left",-1,-1,-1,-1,-1,-1,-1,-1,"-"
8383,1049.06,-281.795,5700.33,1046.81,-109.835,5688.11,-195.815,5694.22,-280.287,-109.745,5669.84,5683.46,-170.542,170.542,"back","buffer",-311.7,-325.32,34,-27.1299999999992,2,13.6199999999999,40.1797267759562,"left",-0.760000000000004,"-",7,"left",-1,-1,-1,-1,-1,-1,-1,-1,"-"
8417,1041.74,-279.827,5660.54,1044.15,-109.555,5673.64,-194.691,5667.09,-281.795,-109.835,5700.33,5688.11,-171.96,171.96,"back","buffer",-342.19,-329.969999999999,33,29.2399999999998,2,-12.2200000000003,14.3397267759561,"left",0.0381818181818248,"-",7,"left",-1,-1,-1,-1,-1,-1,-1,-1,"-"
8450,1049.08,-281.798,5700.4,1047.58,-109.915,5692.26,-195.8565,5696.33,-281.795,-109.835,5700.33,5689.37,-171.96,171.96,"back","buffer",-342.19,-331.23,34,16.7749999999996,2,-10.96,15.5997267759563,"left",1.21441176470588,"-",7,"left",-1,-1,-1,-1,-1,-1,-1,-1,"-"
8484,1055.78,-283.599,5736.84,1047.05,-109.859,5689.37,-196.729,5713.105,-279.827,-109.859,5660.54,5690.87,-169.968,169.968,"back","buffer",-302.4,-332.73,32,-31.7849999999999,2,30.3299999999999,56.8897267759562,"left",-0.436874999999986,"-",7,"left",-1,-1,-1,-1,-1,-1,-1,-1,"-"
8516,1055.02,-277.977,5623.1,1056.28,-90.2438,5739.54,-184.1104,5681.32,-280.587,-109.859,5675.91,5692.26,-170.728,170.728,"back","buffer",-317.77,-334.12,34,-17.1199999999999,2,16.3500000000004,42.9097267759567,"left",-0.0408823529411861,"-",7,"left",-1,-1,-1,-1,-1,-1,-1,-1,"-"
8550,1057.72,-278.69,5637.53,1047.32,-109.888,5690.87,-194.289,5664.2,-280.587,-109.779,5675.91,5690.87,-170.808,170.808,"back","buffer",-317.77,-332.73,33,36.7650000000003,2,14.96,41.5197267759564,"left",0,"-",7,"left",-1,-1,-1,-1,-1,-1,-1,-1,"-"
8583,1064.93,-280.587,5675.91,1053.79,-90.0311,5726.02,-185.30905,5700.965,-280.587,-109.779,5675.91,5690.87,-170.808,170.808,"back","buffer",-317.77,-332.73,34,-13.8649999999998,2,14.96,41.5197267759564,"left",-0.14941176470588,"-",7,"left",-1,-1,-1,-1,-1,-1,-1,-1,"-"
8617,1067.37,-281.232,5688.95,1046.29,-109.779,5685.25,-195.5055,5687.1,-280.78,-109.864,5679.8,5689.68,-170.916,170.916,"back","buffer",-321.66,-331.54,34,3.43499999999949,2,9.88000000000011,36.4397267759564,"left",0,"-",7,"left",-1,-1,-1,-1,-1,-1,-1,-1,"-"
8651,1067.84,-281.355,5691.44,1047.09,-109.864,5689.63,-195.6095,5690.535,-280.78,-109.864,5679.8,5689.68,-170.916,170.916,"back","buffer",-321.66,-331.54,33,-5.79500000000007,2,9.88000000000011,36.4397267759564,"left",-0.00151515151515703,"-",7,"left",-1,-1,-1,-1,-1,-1,-1,-1,"-"
8684,1065.66,-280.78,5679.8,1047.1,-109.865,5689.68,-195.3225,5684.74,-280.78,-109.864,5679.8,5689.63,-170.916,170.916,"back","buffer",-321.66,-331.49,34,-7.35999999999967,2,9.82999999999993,36.3897267759562,"left",0.627941176470599,"-",7,"left",-1,-1,-1,-1,-1,-1,-1,-1,"-"
8718,1061.66,-279.726,5658.5,1048.32,-109.992,5696.26,-194.859,5677.38,-279.726,-109.864,5658.5,5689.68,-169.862,169.862,"back","buffer",-300.36,-331.54,33,-19.0600000000004,2,31.1800000000003,57.7397267759566,"left",0.36030303030304,"-",7,"left",-1,-1,-1,-1,-1,-1,-1,-1,"-"
8751,1060.66,-279.464,5653.19,1062.59,-109.358,5663.45,-194.411,5658.32,-279.464,-109.865,5653.19,5696.26,-169.599,169.599,"back","buffer",-295.049999999999,-338.12,34,32.9750000000004,2,43.0700000000006,69.6297267759569,"left",0.0952941176470524,"-",7,"left",-1,-1,-1,-1,-1,-1,-1,-1,"-"
8785,1060.57,-279.441,5652.71,1054.5,-90.0918,5729.88,-184.7664,5691.295,-279.441,-109.358,5652.71,5699.02,-170.083,170.083,"back","buffer",-294.57,-340.88,34,-17.7700000000004,2,46.3100000000004,72.8697267759567,"left",1.04529411764706,"-",7,"left",-1,-1,-1,-1,-1,-1,-1,-1,"-"
8819,1059.69,-279.209,5648.03,1048.82,-110.045,5699.02,-194.627,5673.525,-279.209,-90.4354,5648.03,5729.88,-188.7736,188.7736,"back","buffer",-289.889999999999,-371.74,33,17.6700000000001,2,81.8500000000004,108.409726775957,"left",0.863636363636336,"-",7,"left",-1,-1,-1,-1,-1,-1,-1,-1,"-"
8852,1057.44,-278.616,5636.02,1057.54,-90.3511,5746.37,-184.48355,5691.195,-278.616,-90.4354,5636.02,5746.37,-188.1806,188.1806,"back","buffer",-277.88,-388.23,33,0.795000000000073,2,110.349999999999,136.909726775956,"left",0,"-",7,"left",-1,-1,-1,-1,-1,-1,-1,-1,"-"
8885,1056.73,-278.429,5632.25,1058.52,-90.4354,5751.73,-184.4322,5691.99,-278.616,-90.4354,5636.02,5746.37,-188.1806,188.1806,"back","buffer",-277.88,-388.23,33,-8.75,2,110.349999999999,136.909726775956,"left",0.114242424242437,"-",7,"left",-1,-1,-1,-1,-1,-1,-1,-1,"-"
8918,1053.04,-277.457,5612.58,1058.92,-90.4695,5753.9,-183.96325,5683.24,-278.429,-90.3511,5632.25,5746.37,-188.0779,188.0779,"back","buffer",-274.11,-388.23,33,2.86499999999978,2,114.12,140.679726775956,"left",0.0275757575757807,"-",7,"left",-1,-1,-1,-1,-1,-1,-1,-1,"-"
8951,1057.5,-278.63,5636.32,1055.61,-90.1863,5735.89,-184.40815,5686.105,-277.866,-90.1863,5620.86,5735.89,-187.6797,187.6797,"back","buffer",-262.719999999999,-377.75,34,-19.9449999999997,2,115.030000000001,141.589726775957,"left",-0.475000000000016,"-",7,"left",-1,-1,-1,-1,-1,-1,-1,-1,"-"
8985,1054.6,-277.866,5620.86,1051.11,-89.8023,5711.46,-183.83415,5666.16,-277.457,-89.8023,5612.58,5711.46,-187.6547,187.6547,"back","buffer",-254.44,-353.32,33,-24.2950000000001,2,98.8800000000001,125.439726775956,"left",0.673030303030304,"-",7,"left",-1,-1,-1,-1,-1,-1,-1,-1,"-"
9018,1048.88,-276.359,5590.37,1047.78,-89.5177,5693.36,-182.93835,5641.865,-276.359,-89.8023,5590.37,5711.46,-186.5567,186.5567,"back","straight",-232.23,-353.32,34,-2.82999999999993,3,121.09,147.649726775956,"left",-0.45852941176471,"shape",-1,"-",-1,-1,-1,-1,-1,-1,-1,-1,"-"
9052,1048.41,-276.235,5587.86,1047.2,-89.4681,5690.21,-182.85155,5639.035,-276.235,-89.8023,5587.86,5693.36,-186.4327,186.4327,"back","straight",-229.719999999999,-335.219999999999,34,18.6300000000001,3,105.5,132.059726775956,"left",-0.0638235294117668,"shape",-1,"-",-1,-1,-1,-1,-1,-1,-1,-1,"-"
9086,1048.22,-276.186,5586.88,1054.24,-90.0694,5728.45,-183.1277,5657.665,-276.186,-90.0694,5586.88,5690.21,-186.1166,186.1166,"back","straight",-228.74,-332.07,33,-50.835,3,103.33,129.889726775956,"left",-0.744545454545446,"shape",-1,"-",-1,-1,-1,-1,-1,-1,-1,-1,"-"
9119,1049.51,-275.473,5572.45,1058.42,-108.929,5641.21,-192.201,5606.83,-275.473,-107.873,5572.45,5651.21,-167.6,167.6,"back","straight",-214.309999999999,-293.07,33,-13.8600000000006,3,78.7600000000002,105.319726775957,"left",0.774545454545439,"shape",-1,"-",-1,-1,-1,-1,-1,-1,-1,-1,"-"
9152,1058.29,-273.608,5534.73,1060.29,-109.122,5651.21,-191.365,5592.97,-273.715,-108.929,5536.89,5641.21,-164.786,164.786,"back","straight",-178.75,-283.07,35,-31.2599999999993,3,104.32,130.879726775956,"left",-1.01399999999997,"shape",-1,"-",-1,-1,-1,-1,-1,-1,-1,-1,"-"
9187,1062.67,-273.715,5536.89,1072.2,-107.873,5586.53,-190.794,5561.71,-273.608,-109.122,5534.73,5603.56,-164.486,164.486,"back","straight",-176.589999999999,-245.42,32,-18.2699999999995,3,68.8300000000008,95.3897267759571,"left",-0.0553125000000421,"shape",-1,"-",-1,-1,-1,-1,-1,-1,-1,-1,"-"
9219,1059.33,-272.854,5519.47,1068.53,-127.471,5567.41,-200.1625,5543.44,-272.854,-123.322,5519.47,5586.53,-149.532,149.532,"back","straight",-161.33,-228.389999999999,35,8.24499999999989,3,67.0599999999995,93.6197267759558,"left",0.0154285714285704,"shape",-1,"-",-1,-1,-1,-1,-1,-1,-1,-1,"-"
9254,1055.55,-271.882,5499.81,1075.47,-128.298,5603.56,-200.09,5551.685,-271.882,-123.322,5499.81,5567.41,-148.56,148.56,"back","straight",-141.67,-209.27,31,-128.645,3,67.5999999999995,94.1597267759558,"left",-4.55677419354836,"shape",-1,"-",-1,-1,-1,-1,-1,-1,-1,-1,"-"
9285,1067.47,-269.907,5459.87,1072.39,-123.322,5386.21,-196.6145,5423.04,-269.907,-123.322,5459.87,5386.21,-146.585,146.585,"back","straight",-101.73,-28.0699999999997,34,-19.4100000000008,3,-73.6599999999999,-47.1002732240435,"right",0.168235294117655,"-",8,"right",-1,-1,-1,-1,-1,-1,-1,-1,"-"
9319,1064.21,-269.083,5443.19,1087.21,-103.577,5364.07,-186.33,5403.63,-269.083,-103.793,5443.19,5375.25,-165.29,165.29,"back","straight",-85.0499999999993,-17.1099999999997,34,1.04500000000098,3,-67.9399999999996,-41.3802732240433,"right",-0.0614705882353251,"-",8,"right",-1,-1,-1,-1,-1,-1,-1,-1,"-"
9353,1062.43,-268.633,5434.1,1089.48,-103.793,5375.25,-186.213,5404.675,-268.633,-103.577,5434.1,5364.07,-165.056,165.056,"back","straight",-75.96,-5.92999999999938,33,-77.7600000000002,3,-70.0300000000007,-43.4702732240443,"right",-0.803030303030303,"-",8,"right",-1,-1,-1,-1,-1,-1,-1,-1,"-"
9386,1070.19,-246.443,5375.18,1088.83,-101.928,5278.65,-174.1855,5326.915,-246.443,-101.928,5375.18,5278.65,-144.515,144.515,"back","straight",-17.04,79.4900000000007,34,-40.46,3,-96.5300000000007,-69.9702732240443,"right",-1.84176470588232,"-",8,"right",-1,-1,-1,-1,-1,-1,-1,-1,"-"
9420,1068.37,-246.024,5366.03,1096.44,-100.542,5206.88,-173.283,5286.455,-246.024,-100.542,5366.03,5206.88,-145.482,145.482,"back","straight",-7.88999999999942,151.26,34,-67.0550000000003,3,-159.15,-132.590273224043,"right",-1.83352941176474,"-",8,"right",-1,-1,-1,-1,-1,-1,-1,-1,"-"
9454,1081.7,-244.686,5336.85,1092.64,-98.5162,5101.95,-171.6011,5219.4,-244.686,-98.7751,5336.85,5115.36,-145.9109,145.9109,"back","straight",21.29,242.780000000001,33,1.27000000000044,3,-221.490000000001,-194.930273224044,"right",0.00939393939395152,"-",8,"right",-1,-1,-1,-1,-1,-1,-1,-1,"-"
9487,1062.15,-244.592,5334.79,1093.62,-98.6049,5106.55,-171.59845,5220.67,-244.592,-98.7412,5334.79,5113.61,-145.8508,145.8508,"back","straight",23.3500000000004,244.530000000001,34,-6.94499999999971,3,-221.18,-194.620273224044,"right",0.46000000000001,"-",8,"right",-1,-1,-1,-1,-1,-1,-1,-1,"-"
9521,1076.68,-243.551,5312.09,1095.51,-98.7751,5115.36,-171.16305,5213.725,-243.551,-98.6049,5312.09,5106.55,-144.9461,144.9461,"back","straight",46.0500000000002,251.59,33,-7.33500000000095,3,-205.54,-178.980273224044,"right",0.391515151515154,"-",8,"right",-1,-1,-1,-1,-1,-1,-1,-1,"-"
9554,1074.06,-242.959,5299.17,1095.14,-98.7412,5113.61,-170.8501,5206.39,-242.959,-98.6049,5299.17,5106.55,-144.3541,144.3541,"back","straight",58.9700000000003,251.59,34,-38.1099999999988,3,-192.62,-166.060273224044,"right",-0.479117647058822,"-",8,"right",-1,-1,-1,-1,-1,-1,-1,-1,"-"
9588,1087.1,-241.633,5270.26,1103.17,-97.8277,5066.3,-169.73035,5168.28,-241.86,-97.8277,5275.21,5066.3,-144.0323,144.0323,"back","straight",82.9300000000003,291.84,34,-6.97500000000036,3,-208.91,-182.350273224044,"right",-0.555882352941192,"-",8,"right",-1,-1,-1,-1,-1,-1,-1,-1,"-"
9622,1069.2,-241.86,5275.21,1099.06,-97.4627,5047.4,-169.66135,5161.305,-241.86,-97.4627,5275.21,5047.4,-144.3973,144.3973,"back","straight",82.9300000000003,310.740000000001,32,-20.4700000000003,3,-227.81,-201.250273224044,"right",-0.783749999999998,"-",8,"right",-1,-1,-1,-1,-1,-1,-1,-1,"-"
9654,1066.16,-241.172,5260.21,1093.41,-96.9618,5021.46,-169.0669,5140.835,-241.86,-96.9618,5274.35,5021.46,-144.8982,144.8982,"back","straight",83.79,336.68,34,34.1799999999994,3,-252.89,-226.330273224044,"right",-0.934999999999998,"-",8,"right",-1,-1,-1,-1,-1,-1,-1,-1,"-"
9688,1048.02,-264.988,5360.36,1086.49,-96.3481,4989.67,-180.66805,5175.015,-259.847,-96.3481,5274.35,4989.67,-163.4989,163.4989,"back","straight",83.79,368.47,33,-58.8349999999991,3,-284.68,-258.120273224044,"right",-0.530909090909077,"-",8,"right",-1,-1,-1,-1,-1,-1,-1,-1,"-"
9721,1069.03,-260.736,5274.35,1079.59,-95.7368,4958.01,-178.2364,5116.18,-259.847,-95.7368,5260.21,4958.01,-164.1102,164.1102,"back","straight",97.9300000000003,400.13,33,-17.1750000000011,3,-302.2,-275.640273224043,"right",-0.379090909090916,"-",8,"right",-1,-1,-1,-1,-1,-1,-1,-1,"-"
9754,1065.38,-259.847,5256.36,1076.03,-95.4208,4941.65,-177.6339,5099.005,-259.847,-95.4208,5256.36,4941.65,-164.4262,164.4262,"back","straight",101.780000000001,416.490000000001,34,-29.3899999999994,3,-314.71,-288.150273224044,"right",0.301176470588256,"-",8,"right",-1,-1,-1,-1,-1,-1,-1,-1,"-"
9788,1076.49,-257.99,5218.8,1071.41,-95.0112,4920.43,-176.5006,5069.615,-258.292,-95.0112,5224.9,4920.43,-163.2808,163.2808,"back","straight",133.240000000001,437.71,34,-9.11499999999978,3,-304.469999999999,-277.910273224043,"right",-0.536176470588249,"-",8,"right",-1,-1,-1,-1,-1,-1,-1,-1,"-"
9822,1059.01,-258.292,5224.9,1066.11,-94.5412,4896.1,-176.4166,5060.5,-258.292,-95.0112,5218.8,4896.1,-163.2808,163.2808,"back","straight",139.34,462.04,32,-29.1999999999998,3,-322.7,-296.140273224043,"right",0.334374999999994,"-",8,"right",-1,-1,-1,-1,-1,-1,-1,-1,"-"
9854,1066.18,-255.521,5168.85,1065.6,-94.4958,4893.75,-175.0084,5031.3,-258.292,-95.0112,5205.75,4893.75,-163.2808,163.2808,"back","straight",152.39,464.39,34,-14.6449999999995,3,-312,-285.440273224044,"right",-0.861470588235293,"-",8,"right",-1,-1,-1,-1,-1,-1,-1,-1,"-"
9888,1055.13,-276.015,5205.75,1068.5,-110.531,4827.56,-193.273,5016.655,-276.015,-110.078,5168.85,4827.56,-165.937,165.937,"back","straight",189.29,530.58,33,-49.4350000000013,3,-341.29,-314.730273224044,"right",0.679090909090905,"-",8,"right",-1,-1,-1,-1,-1,-1,-1,-1,"-"
9921,1079.54,-308.593,5126.66,1064.12,-110.078,4807.78,-209.3355,4967.22,-286.91,-110.531,5126.66,4807.78,-176.379,176.379,"back","straight",231.48,550.360000000001,34,-49.6599999999999,3,-318.88,-292.320273224044,"right",-1.2529411764706,"-",8,"right",-1,-1,-1,-1,-1,-1,-1,-1,"-"
9955,1110.14,-306.886,5098.3,1048.42,-125.441,4736.82,-216.1635,4917.56,-286.91,-124.468,5098.3,4736.82,-162.442,162.442,"back","straight",259.84,621.320000000001,34,-26.6649999999991,3,-361.48,-334.920273224044,"right",0.189117647058832,"-",8,"right",-1,8,-1,-1,-1,-1,-1,-1,"-"
9989,1085.46,-286.91,5068.42,1043.23,-124.82,4713.37,-205.865,4890.895,-286.91,-124.468,5068.42,4713.37,-162.442,162.442,"back","straight",289.72,644.77,31,-38.0700000000006,3,-355.05,-328.490273224044,"right",1.59870967741937,"-",8,"right",-1,-1,-1,-1,-1,-1,-1,-1,"-"
10020,1072,-265.401,5005.57,1040.29,-124.468,4700.08,-194.9345,4852.825,-265.401,-124.468,5005.57,4700.08,-140.933,140.933,"back","straight",352.570000000001,658.06,36,-94.1750000000002,3,-305.49,-278.930273224043,"right",2.38694444444443,"-",8,"right",-1,-1,-1,-1,-1,-1,-1,-1,"-"
10056,1060.09,-240.67,4868.43,1028.95,-123.112,4648.87,-181.891,4758.65,-240.67,-124.468,4868.43,4648.87,-116.202,116.202,"back","straight",489.71,709.27,33,-47.8149999999996,3,-219.56,-193.000273224044,"right",1.5039393939394,"-",8,"right",-1,-1,-1,-1,-1,-1,-1,-1,"-"
10089,1044.27,-237.079,4795.8,1027.18,-122.503,4625.87,-179.791,4710.835,-237.079,-123.112,4795.8,4625.87,-113.967,113.967,"back","straight",562.34,732.27,34,-75.5700000000006,3,-169.93,-143.370273224044,"right",1.89647058823531,"-",8,"right",-1,-1,-1,-1,-1,-1,-1,-1,"-"
10123,1057.78,-231.749,4687.99,1033.99,-124.643,4582.54,-178.196,4635.265,-237.079,-122.503,4687.99,4582.54,-114.576,114.576,"back","straight",670.150000000001,775.6,34,-41.0699999999997,3,-105.45,-78.8902732240435,"right",1.10529411764706,"-",8,"right",-1,-1,-1,-1,-1,-1,-1,-1,"-"
10157,1060.88,-228.79,4628.13,1028.97,-120.766,4560.26,-174.778,4594.195,-237.079,-122.503,4628.13,4560.26,-114.576,114.576,"back","straight",730.01,797.88,33,-37.0999999999995,3,-67.8699999999999,-41.3102732240436,"right",1.79636363636363,"-",8,"right",-1,-1,-1,-1,-1,-1,-1,-1,"-"
10190,1078.3,-241.85,4561.39,1027.28,-120.568,4552.8,-181.209,4557.095,-236.475,-124.643,4561.39,4552.8,-111.832,111.832,"back","straight",796.75,805.34,32,-41.8450000000003,3,-8.59000000000015,17.9697267759562,"left",1.3071875,"-",9,"left",-1,-1,-1,-1,-1,-1,-1,-1,"-"
10222,1082.82,-238.522,4498.63,1038.81,-139.517,4531.87,-189.0195,4515.25,-236.475,-137.939,4498.63,4531.87,-98.536,98.536,"back","straight",859.51,826.27,34,-25.1300000000001,3,33.2399999999998,59.7997267759561,"left",0.793529411764693,"-",9,"left",-1,-1,-1,-1,-1,-1,-1,-1,"-"
10256,1070.33,-236.475,4460.01,1036.14,-139.159,4520.23,-187.817,4490.12,-238.522,-139.159,4460.01,4520.23,-99.363,99.363,"back","straight",898.13,837.910000000001,33,-65.0950000000003,3,60.2199999999993,86.7797267759557,"left",1.54393939393942,"-",9,"left",-1,-1,-1,-1,-1,-1,-1,-1,"-"
10289,1067.39,-231.673,4369.44,1059.2,-137.939,4480.61,-184.806,4425.025,-236.475,-139.517,4369.44,4480.61,-96.958,96.958,"back","straight",988.700000000001,877.530000000001,34,-27.8500000000004,3,111.17,137.729726775956,"left",-0.315294117647066,"-",9,"left",-1,-1,-1,-1,-1,-1,-1,-1,"-"
10323,1061.9,-246.07,4346.95,1070.49,-152.867,4447.4,-199.4685,4397.175,-231.673,-151.377,4346.95,4447.4,-80.296,80.296,"back","straight",1011.19,910.740000000001,34,-46.5149999999994,3,100.45,127.009726775956,"left",1.71323529411765,"-",9,"left",-1,-1,-1,-1,-1,-1,-1,-1,"-"
10357,1043.42,-226.47,4271.31,1066.3,-152.269,4430.01,-189.3695,4350.66,-226.47,-151.377,4271.31,4430.01,-75.093,75.093,"back","straight",1086.83,928.13,33,-47.415,3,158.7,185.259726775956,"left",1.30212121212122,"-",9,"left",-1,-1,-1,-1,-1,-1,-1,-1,"-"
10390,1026.59,-222.816,4202.41,1060.06,-151.377,4404.08,-187.0965,4303.245,-222.816,-152.269,4202.41,4404.08,-70.547,70.547,"back","straight",1155.73,954.06,34,-39.0349999999999,3,201.67,228.229726775956,"left",0.0432352941176278,"-",9,"left",-1,-1,-1,-1,-1,-1,-1,-1,"-"
10424,1031.81,-220.708,4162.64,1047.71,-150.061,4365.78,-185.3845,4264.21,-220.708,-152.269,4162.64,4365.78,-68.439,68.439,"back","straight",1195.5,992.360000000001,33,-70.2550000000001,3,203.139999999999,229.699726775956,"left",-0.717575757575766,"-",9,"left",-1,-1,-1,-1,-1,-1,-1,-1,"-"
10457,1016.63,-202.753,4101.43,1031.75,-162.708,4286.48,-182.7305,4193.955,-203.03,-151.377,4107.02,4286.48,-51.653,51.653,"back","straight",1251.12,1071.66,33,-23.875,3,179.459999999999,206.019726775955,"left",0.169393939393944,"-",9,"left",-1,-1,-1,-1,-1,-1,-1,-1,"-"
10490,1018.02,-203.03,4107.02,1049.28,-160.684,4233.14,-181.857,4170.08,-203.03,-150.061,4101.43,4286.48,-52.969,52.969,"back","straight",1256.71,1071.66,35,-5.73499999999967,3,185.049999999999,211.609726775956,"left",0.750857142857149,"-",9,"left",-1,-1,-1,-1,-1,-1,-1,-1,"-"
10525,1007.15,-200.863,4063.19,1057.3,-146.614,4265.5,-173.7385,4164.345,-202.753,-147.511,4075.15,4286.48,-55.242,55.242,"back","straight",1282.99,1071.66,33,19.0199999999995,3,211.329999999999,237.889726775956,"left",0.499393939393954,"-",9,"left",-1,-1,-1,-1,-1,-1,-1,-1,"-"
10558,1010.12,-216.069,4075.15,1048.37,-147.511,4291.58,-181.79,4183.365,-203.03,-147.491,4063.19,4291,-55.539,55.539,"back","straight",1294.95,1067.14,33,-12.9399999999996,3,227.81,254.369726775956,"left",0.421818181818185,"-",9,"left",-1,-1,-1,-1,-1,-1,-1,-1,"-"
10591,1018.37,-200.203,4049.85,1048.23,-147.491,4291,-173.847,4170.425,-213.669,-146.614,4049.85,4291.58,-67.055,67.055,"back","straight",1308.29,1066.56,33,-2.34999999999945,3,241.73,268.289726775956,"left",0.55727272727271,"-",9,"left",-1,-1,-1,-1,-1,-1,-1,-1,"-"
10624,1027.8,-213.669,4029.88,1051.96,-132.572,4306.27,-173.1205,4168.075,-213.669,-132.572,4034.57,4294.69,-81.097,81.097,"back","straight",1323.57,1063.45,33,-3.44500000000062,3,260.119999999999,286.679726775956,"left",0.142121212121214,"-",9,"left",-1,-1,-1,-1,-1,-1,-1,-1,"-"
10657,1014.53,-213.918,4034.57,1049.13,-132.215,4294.69,-173.0665,4164.63,-200.203,-132.419,4029.88,4294.69,-67.784,67.784,"back","straight",1328.26,1063.45,34,-3.57999999999993,3,264.809999999999,291.369726775956,"left",0.26705882352941,"-",9,"left",-1,-1,-1,-1,-1,-1,-1,-1,"-"
10691,1025.48,-198.767,4020.8,1050.75,-132.419,4301.3,-165.593,4161.05,-198.767,-132.215,4020.8,4294.69,-66.552,66.552,"back","straight",1337.34,1063.45,34,-10.2399999999998,3,273.889999999999,300.449726775956,"left",-0.367352941176451,"-",9,"left",-1,-1,-1,-1,-1,-1,-1,-1,"-"
10725,1028.19,-198.733,4020.11,1045.91,-131.81,4281.51,-165.2715,4150.81,-198.733,-131.81,4020.11,4281.51,-66.923,66.923,"back","straight",1338.03,1076.63,33,-25.4750000000004,3,261.4,287.959726775956,"left",0.196060606060614,"-",9,"left",-1,-1,-1,-1,-1,-1,-1,-1,"-"
10758,1035.06,-197.293,3990.99,1055.86,-131.138,4259.68,-164.2155,4125.335,-197.334,-131.138,3991.81,4259.68,-66.196,66.196,"back","straight",1366.33,1098.46,33,-3.52499999999964,3,267.87,294.429726775957,"left",0.0248484848484898,"-",9,"left",-1,-1,-1,-1,-1,-1,-1,-1,"-"
10791,1049.59,-197.334,3991.81,1053.91,-130.895,4251.81,-164.1145,4121.81,-197.293,-130.895,3990.99,4259.68,-66.398,66.398,"back","straight",1367.15,1098.46,34,-11.4450000000006,3,268.690000000001,295.249726775957,"left",0.284117647058819,"-",9,"left",-1,-1,-1,-1,-1,-1,-1,-1,"-"
10825,1046.83,-196.816,3981.33,1050.83,-130.513,4239.4,-163.6645,4110.365,-196.816,-130.513,3981.33,4259.68,-66.303,66.303,"back","straight",1376.81,1098.46,33,37.3299999999999,3,278.35,304.909726775957,"left",2.18727272727272,"-",9,"left",-1,-1,-1,-1,-1,-1,-1,-1,"-"
10858,1052.41,-195.203,3948.69,980.779,-83.9327,4346.7,-139.56785,4147.695,-195.203,-83.9327,3948.69,4299.22,-111.2703,111.2703,"back","straight",1409.45,1058.92,35,-2.95499999999993,3,350.53,377.089726775957,"left",0.118857142857139,"-",9,"left",-1,-1,-1,-1,-1,-1,-1,-1,"-"
10893,1051.3,-180.85,3944.53,980.383,-68.3164,4344.95,-124.5832,4144.74,-193.512,-83.0157,3944.53,4299.22,-110.4963,110.4963,"back","straight",1413.61,1058.92,32,-41.2699999999995,3,354.69,381.249726775956,"left",0.938750000000013,"-",9,"left",-1,-1,-1,-1,-1,-1,-1,-1,"-"
10925,1055.51,-179.163,3907.72,970.063,-83.0157,4299.22,-131.08935,4103.47,-193.023,-68.3164,3914.49,4299.22,-124.7066,124.7066,"back","straight",1443.65,1058.92,34,-20.5950000000003,3,384.73,411.289726775957,"left",-1.2114705882353,"-",9,"left",9,-1,-1,-1,-1,-1,-1,-1,"-"
10959,1043.3,-193.512,3914.49,1004.98,-66.8432,4251.26,-130.1776,4082.875,-192.578,-66.8432,3907.72,4251.26,-125.7348,125.7348,"back","straight",1450.42,1106.88,33,-39.6899999999996,3,343.54,370.099726775957,"left",-2.01121212121212,"-",9,"left",-1,-1,-1,-1,-1,-1,-1,-1,"-"
10992,1040.66,-193.023,3904.6,1021.55,-65.7506,4181.77,-129.3868,4043.185,-192.578,-65.7506,3904.6,4181.77,-126.8274,126.8274,"back","straight",1453.54,1176.37,33,-34.1000000000004,3,277.170000000001,303.729726775957,"left",-1.52121212121214,"-",9,"left",-1,-1,-1,-1,-1,-1,-1,-1,"-"
11025,1038.26,-192.578,3895.6,1021.87,-64.8199,4122.57,-128.69895,4009.085,-192.578,-64.8199,3895.6,4122.57,-127.7581,127.7581,"back","straight",1462.54,1235.57,34,-45.6500000000001,3,226.97,253.529726775956,"left",-1.37823529411765,"-",9,"left",-1,-1,-1,-1,-1,-1,-1,-1,"-"
11059,1032.34,-191.48,3873.38,1019.29,-63.7337,4053.49,-127.60685,3963.435,-191.48,-63.7337,3873.38,4053.49,-127.7463,127.7463,"back","straight",1484.76,1304.65,33,-96.4499999999998,3,180.11,206.669726775956,"left",-3.40848484848484,"-",9,"left",-1,-1,-1,-1,-1,-1,-1,-1,"-"
11092,1035.37,-189.492,3833.17,1053.64,-61.333,3900.8,-125.4125,3866.985,-189.492,-61.333,3833.17,3900.8,-128.159,128.159,"back","straight",1524.97,1457.34,34,-84.7599999999998,3,67.6300000000001,94.1897267759564,"left",-1.41,"-",9,"left",-1,-1,-1,-1,-1,-1,-1,-1,"-"
11126,1035.18,-186.487,3772.38,1040.59,-56.9034,3792.07,-121.6952,3782.225,-186.487,-56.9034,3772.38,3792.07,-129.5836,129.5836,"back","straight",1585.76,1566.07,34,-69.7500000000005,3,19.6900000000001,46.2497267759564,"left",-2.71411764705883,"-",9,"left",-1,-1,-1,-1,-1,-1,-1,-1,"-"
11160,1042.15,-185.32,3748.77,1035.15,-44.6171,3676.18,-114.96855,3712.475,-185.32,-44.6171,3748.77,3676.18,-140.7029,140.7029,"back","straight",1609.37,1681.96,33,-47.4749999999999,3,-72.5900000000001,-46.0302732240438,"right",-2.28272727272727,"-",10,"right",-1,-1,-1,-1,-1,-1,-1,-1,"-"
11193,1039.42,-184.835,3738.96,1011.18,-43.5838,3591.04,-114.2094,3665,-184.835,-43.5838,3738.96,3591.04,-141.2512,141.2512,"back","straight",1619.18,1767.1,33,-41.2150000000001,3,-147.92,-121.360273224044,"right",-1.25848484848485,"-",10,"right",-1,-1,-1,-1,-1,-1,-1,-1,"-"
11226,1047.07,-183.824,3718.51,1046.88,-40.3003,3529.06,-112.06215,3623.785,-183.824,-40.3003,3718.51,3529.06,-143.5237,143.5237,"back","straight",1639.63,1829.08,34,-52.71,3,-189.45,-162.890273224044,"right",-2.6535294117647,"-",10,"right",-1,-1,-1,-1,-1,-1,-1,-1,"-"
11260,1044.93,-183.448,3710.91,1042.48,-39.1832,3431.24,-111.3156,3571.075,-183.448,-39.1832,3710.91,3431.24,-144.2648,144.2648,"back","straight",1647.23,1926.9,34,-20.9650000000001,3,-279.67,-253.110273224044,"right",-0.870294117647049,"-",10,"right",-1,-1,-1,-1,-1,-1,-1,-1,"-"
11294,1043.2,-169.856,3704.74,1019.43,-38.7748,3395.48,-104.3154,3550.11,-169.856,-38.7748,3704.74,3395.48,-131.0812,131.0812,"back","straight",1653.4,1962.66,34,-41.7399999999998,3,-309.26,-282.700273224043,"right",-1.00411764705883,"-",10,"right",-1,-1,-1,-1,-1,-1,-1,-1,"-"
11328,1064.45,-168.593,3677.18,1017.02,-38.1363,3339.56,-103.36465,3508.37,-169.856,-38.1363,3682.96,3339.56,-131.7197,131.7197,"back","straight",1675.18,2018.58,31,-16.4700000000003,3,-343.4,-316.840273224044,"right",-0.942903225806452,"-",10,"right",-1,-1,-1,-1,-1,-1,-1,-1,"-"
11359,1063.37,-168.423,3673.47,1008.12,-37.8025,3310.33,-103.11275,3491.9,-169.856,-37.8025,3682.96,3310.33,-132.0535,132.0535,"back","straight",1675.18,2047.81,34,-15.1549999999997,3,-372.63,-346.070273224044,"right",-1.13911764705881,"-",10,"right",-1,-1,-1,-1,-1,-1,-1,-1,"-"
11393,1050.27,-182.066,3682.96,1007.72,-37.3479,3270.53,-109.70695,3476.745,-182.014,-37.3479,3681.89,3270.53,-144.6661,144.6661,"back","straight",1676.25,2087.61,33,-40.23,3,-411.36,-384.800273224043,"right",-2.52515151515153,"-",10,"right",-1,-1,-1,-1,-1,-1,-1,-1,"-"
11426,1037.87,-182.208,3685.83,1018.63,-36.3964,3187.2,-109.3022,3436.515,-182.014,-36.3964,3681.89,3187.2,-145.6176,145.6176,"back","straight",1676.25,2170.94,34,-45.105,3,-494.69,-468.130273224044,"right",-2.53735294117647,"-",10,"right",-1,-1,-1,-1,-1,-1,-1,-1,"-"
11460,1036.76,-182.014,3681.89,1013.3,-35.4113,3100.93,-108.71265,3391.41,-182.014,-35.4113,3681.89,3100.93,-146.6027,146.6027,"back","straight",1676.25,2257.21,34,-30.5999999999995,3,-580.96,-554.400273224044,"right",-0.630588235294119,"-",10,"right",-1,-1,-1,-1,-1,-1,-1,-1,"-"
11494,1060.06,-167.897,3662.01,1010.77,-34.9393,3059.61,-101.41815,3360.81,-180.917,-34.9393,3662.01,3059.61,-145.9777,145.9777,"back","straight",1696.13,2298.53,33,-11.6500000000005,3,-602.4,-575.840273224044,"right",-0.566060606060601,"-",10,"right",-1,-1,-1,-1,-1,-1,-1,-1,"-"
11527,1059.39,-180.917,3659.7,1014.73,-34.6997,3038.62,-107.80835,3349.16,-167.897,-34.6997,3659.7,3038.62,-133.1973,133.1973,"back","straight",1698.44,2319.52,34,-31.4749999999999,3,-621.08,-594.520273224044,"right",0.103529411764692,"-",10,"right",-1,-1,-1,-1,-1,-1,-1,-1,"-"
11561,1101.41,-165.819,3616.67,1008.08,-34.4722,3018.7,-100.1456,3317.685,-166.717,-34.4722,3636.26,3018.7,-132.2448,132.2448,"back","straight",1721.88,2339.44,33,6.97499999999991,3,-617.56,-591.000273224044,"right",-0.0821212121211994,"-",10,"right",-1,-1,-1,-1,-1,-1,-1,-1,"-"
11594,1078.06,-166.621,3634.16,1006.9,-34.4318,3015.16,-100.5264,3324.66,-166.717,-34.4318,3635.43,3015.16,-132.2852,132.2852,"back","straight",1722.71,2342.98,34,-2.0649999999996,3,-620.27,-593.710273224044,"right",-0.145882352941178,"-",10,"right",-1,-1,-1,-1,-1,-1,-1,-1,"-"
11628,1065.64,-166.717,3636.26,1004.82,-34.3606,3008.93,-100.5388,3322.595,-166.621,-34.3606,3634.16,3008.93,-132.2604,132.2604,"back","straight",1723.98,2349.21,33,-3.72500000000036,3,-625.23,-598.670273224044,"right",-0.200606060606057,"-",10,"right",-1,-1,-1,-1,-1,-1,-1,-1,"-"
11661,1010.64,-179.717,3635.43,1002.6,-34.285,3002.31,-107.001,3318.87,-166.717,-34.285,3634.16,3002.31,-132.432,132.432,"back","straight",1723.98,2355.83,34,-15.5649999999996,3,-631.85,-605.290273224044,"right",0.268235294117644,"-",10,"right",-1,10,-1,1734.51,-1,132.432,-1,1706,"-"
11695,991.906,-165.727,3614.67,999.144,-34.1667,2991.94,-99.94685,3303.305,-177.078,-34.1667,3614.67,2991.94,-142.9113,142.9113,"back","straight",1743.47,2366.2,36,-15.4950000000003,3,-622.73,-596.170273224044,"right",0.250277777777771,"-",10,"right",-1,-1,-1,-1,-1,-1,-1,-1,"-"
11731,999.31,-177.702,3594.67,995.471,-34.0411,2980.95,-105.87155,3287.81,-177.702,-34.0411,3594.67,2980.95,-143.6609,143.6609,"back","straight",1763.47,2377.19,30,-8.90999999999985,3,-613.72,-587.160273224044,"right",0.420666666666663,"-",10,"right",-1,-1,-1,-1,-1,-1,-1,-1,"-"
11761,995.802,-177.078,3582.05,993.736,-33.9817,2975.75,-105.52985,3278.9,-177.702,-34.0411,3582.05,2980.95,-143.6609,143.6609,"back","straight",1776.09,2377.19,34,-31.6600000000003,3,-601.1,-574.540273224044,"right",1.64323529411766,"-",10,"right",-1,-1,-1,-1,-1,-1,-1,-1,"-"
11795,978.826,-186.686,3520.98,992.985,-33.956,2973.5,-110.321,3247.24,-178.24,-33.9817,3520.98,2975.75,-144.2583,144.2583,"back","straight",1837.16,2382.39,34,-26.9399999999996,3,-545.23,-518.670273224044,"right",1.83176470588236,"-",10,"right",-1,-1,-1,-1,-1,-1,-1,-1,"-"
11829,973.914,-183.384,3458.7,985.094,-34.0519,2981.9,-108.71795,3220.3,-178.24,-33.9817,3458.7,2975.75,-144.2583,144.2583,"back","straight",1899.44,2382.39,33,-55.0750000000003,3,-482.95,-456.390273224043,"right",2.87181818181818,"-",10,"right",-1,-1,-1,-1,-1,-1,-1,-1,"-"
11862,973.12,-178.24,3361.68,980.759,-33.9021,2968.77,-106.07105,3165.225,-183.384,-33.956,3361.68,2973.5,-149.428,149.428,"back","straight",1996.46,2384.64,33,-24.4099999999999,3,-388.18,-361.620273224044,"right",1.75969696969696,"-",10,"right",-1,-1,-1,-1,-1,-1,-1,-1,"-"
11895,1004.63,-174.91,3298.88,974.681,-34.0617,2982.75,-104.48585,3140.815,-179.06,-33.9021,3298.88,2968.77,-145.1579,145.1579,"back","straight",2059.26,2389.37,33,-40.9050000000002,3,-330.11,-303.550273224044,"right",1.30272727272728,"-",10,"right",-1,-1,-1,-1,-1,-1,-1,-1,"-"
11928,999.388,-183.605,3243.47,976.654,-33.7602,2956.35,-108.6826,3099.91,-178.24,-33.7602,3243.47,2956.35,-144.4798,144.4798,"back","straight",2114.67,2401.79,34,-40.2799999999997,3,-287.12,-260.560273224044,"right",2.35294117647059,"-",10,"right",-1,-1,-1,-1,-1,-1,-1,-1,"-"
11962,997.339,-179.06,3163.19,976.563,-33.757,2956.07,-106.4085,3059.63,-174.91,-33.757,3163.19,2956.07,-141.153,141.153,"back","straight",2194.95,2402.07,33,-67.8199999999997,3,-207.12,-180.560273224044,"right",3.89818181818181,"-",10,"right",-1,-1,-1,-1,-1,-1,-1,-1,"-"
11995,1001.33,-171.58,3031.05,975.407,-33.717,2952.57,-102.6485,2991.81,-171.58,-33.717,3031.05,2952.57,-137.863,137.863,"back","straight",2327.09,2405.57,32,-23.2550000000006,3,-78.48,-51.9202732240437,"right",1.3184375,"-",10,"right",-1,-1,-1,-1,-1,-1,-1,-1,"-"
12027,997.391,-158.358,2986.7,974.692,-33.6924,2950.41,-96.0252,2968.555,-158.358,-33.717,2986.7,2950.41,-124.641,124.641,"back","straight",2371.44,2407.73,36,-29.23,3,-36.29,-9.73027322404365,"right",1.23555555555556,"-",10,"right",-1,-1,-1,-1,-1,-1,-1,-1,"-"
12063,992.835,-155.629,2935.23,982.94,-33.6126,2943.42,-94.6208,2939.325,-155.629,-33.6924,2935.23,2943.42,-121.9366,121.9366,"back","straight",2422.91,2414.72,33,-53.6099999999997,3,8.19000000000005,34.7497267759564,"left",3.1160606060606,"-",11,"left",-1,-1,-1,-1,-1,-1,-1,-1,"-"
12096,988.051,-150.104,2831.03,981.93,-35.6871,2940.4,-92.89555,2885.715,-150.104,-33.6126,2831.03,2942.05,-116.4914,116.4914,"back","straight",2527.11,2416.09,34,-37.3249999999998,3,111.02,137.579726775956,"left",2.19558823529412,"-",11,"left",-1,-1,-1,-1,-1,-1,-1,-1,"-"
12130,993.035,-136.179,2754.73,971.93,-33.5969,2942.05,-84.88795,2848.39,-136.179,-33.6126,2754.73,2940.4,-102.5664,102.5664,"back","straight",2603.41,2417.74,33,-18.71,3,185.67,212.229726775956,"left",0.816060606060601,"-",11,"left",-1,-1,-1,-1,-1,-1,-1,-1,"-"
12163,981.732,-134.629,2723.38,980.455,-33.5276,2935.98,-84.0783,2829.68,-134.629,-35.4961,2723.38,2935.98,-99.1329,99.1329,"back","straight",2634.76,2422.16,33,-35.0200000000004,3,212.6,239.159726775956,"left",2.0078787878788,"-",11,"left",-1,-1,-1,-1,-1,-1,-1,-1,"-"
12196,987.638,-131.26,2655.23,969.302,-35.6106,2934.09,-83.4353,2794.66,-131.26,-35.3985,2655.23,2934.09,-95.8615,95.8615,"back","straight",2702.91,2424.05,35,-22.1549999999997,3,278.86,305.419726775956,"left",0.727142857142852,"-",11,"left",-1,-1,-1,-1,-1,-1,-1,-1,"-"
12231,965.267,-120.139,2620.35,966.186,-35.4961,2924.66,-77.81755,2772.505,-120.139,-35.3985,2620.35,2924.66,-84.7405,84.7405,"back","straight",2737.79,2433.48,33,-17.7200000000003,3,304.31,330.869726775956,"left",0.586666666666671,"-",11,"left",-1,-1,-1,-1,-1,-1,-1,-1,"-"
12264,964.474,-118.883,2592.95,963.529,-35.3985,2916.62,-77.14075,2754.785,-118.883,-35.4961,2592.95,2916.62,-83.3869,83.3869,"back","straight",2765.19,2441.52,32,-51.3999999999996,3,323.67,350.229726775956,"left",2.34374999999999,"-",11,"left",-1,-1,-1,-1,-1,-1,-1,-1,"-"
12296,978.106,-114.807,2504.05,948.528,-35.2298,2902.72,-75.0184,2703.385,-114.807,-35.4961,2504.05,2902.72,-79.3109,79.3109,"back","straight",2854.09,2455.42,34,-40.0900000000001,3,398.67,425.229726775956,"left",1.75588235294118,"-",11,"left",-1,-1,-1,-1,-1,-1,-1,-1,"-"
12330,968.244,-102.871,2434.11,945.18,-43.4042,2892.48,-73.1376,2663.295,-102.871,-43.4042,2434.11,2892.48,-59.4668,59.4668,"back","straight",2924.03,2465.66,33,-21.3099999999999,3,458.37,484.929726775956,"left",-0.120000000000001,"-",11,"left",-1,-1,-1,-1,-1,-1,-1,-1,"-"
12363,951.893,-100.321,2414.78,958.151,-45.1127,2869.19,-72.71685,2641.985,-100.321,-43.82,2414.78,2869.19,-56.501,56.501,"back","straight",2943.36,2488.95,34,-37.2400000000002,3,454.41,480.969726775956,"left",-0.240588235294113,"-",11,"left",-1,-1,-1,-1,-1,-1,-1,-1,"-"
12397,949.078,-98.9445,2381.63,944.349,-44.4629,2827.86,-71.7037,2604.745,-98.9445,-43.82,2381.63,2827.86,-55.1245,55.1245,"back","straight",2976.51,2530.28,33,-42.3199999999997,3,446.23,472.789726775956,"left",0.427878787878785,"-",11,"left",-1,-1,-1,-1,-1,-1,-1,-1,"-"
12430,956.797,-97.1269,2337.88,942.688,-43.82,2786.97,-70.47345,2562.425,-97.1269,-43.82,2337.88,2798.23,-53.3069,53.3069,"back","straight",3020.26,2559.91,34,-10.3050000000003,3,460.35,486.909726775956,"left",0.606176470588226,"-",11,"left",-1,-1,-1,-1,-1,-1,-1,-1,"-"
12464,978.488,-87.5326,2306.01,934.456,-33.9617,2798.23,-60.74715,2552.12,-87.5326,-39.8961,2306.01,2786.97,-47.6365,47.6365,"back","straight",3052.13,2571.17,33,-26.0950000000003,3,480.96,507.519726775956,"left",-1.03727272727271,"-",11,"left",11,-1,1608.48,-1,47.6365,-1,1539,-1,"-"
12497,977.067,-87.4056,2302.66,920.116,-33.3688,2749.39,-60.3872,2526.025,-87.4056,-33.9617,2302.66,2749.39,-53.4439,53.4439,"back","straight",3055.48,2608.75,35,-50.915,3,446.73,473.289726775956,"left",-0.571714285714292,"-",11,"left",-1,-1,-1,-1,-1,-1,-1,-1,"-"
12532,980.555,-78.7643,2291.52,889.765,-39.8961,2658.7,-59.3302,2475.11,-78.7643,-33.3688,2291.52,2718.24,-45.3955,45.3955,"back","straight",3066.62,2639.9,33,28.1500000000005,3,426.72,453.279726775956,"left",-1.14787878787879,"-",11,"left",-1,-1,-1,-1,-1,-1,-1,-1,"-"
12565,980.811,-78.653,2288.28,909.691,-32.9908,2718.24,-55.8219,2503.26,-78.653,-32.9908,2288.28,2677.12,-45.6622,45.6622,"back","straight",3069.86,2681.02,33,-22.9800000000005,3,388.84,415.399726775956,"left",-0.55818181818182,"-",11,"left",-1,-1,-1,-1,-1,-1,-1,-1,"-"
12598,978.738,-78.4867,2283.44,895.932,-30.5716,2677.12,-54.52915,2480.28,-78.653,-31.5539,2288.28,2658.7,-47.0991,47.0991,"back","straight",3069.86,2699.44,34,-39.0699999999997,3,370.42,396.979726775956,"left",0.140882352941189,"-",11,"left",-1,-1,-1,-1,-1,-1,-1,-1,"-"
12632,978.364,-70.2707,2282.57,868.206,-31.5539,2599.85,-50.9123,2441.21,-78.4867,-30.5716,2283.44,2658.65,-47.9151,47.9151,"back","straight",3074.7,2699.49,32,34.4749999999999,3,375.21,401.769726775956,"left",-0.61437500000001,"-",11,"left",-1,-1,-1,-1,-1,-1,-1,-1,"-"
12664,982.713,-78.8055,2292.72,887.841,-30.3606,2658.65,-54.58305,2475.685,-78.022,-30.3606,2282.57,2638.12,-47.6614,47.6614,"back","straight",3075.57,2720.02,34,-15.645,3,355.55,382.109726775956,"left",-0.60470588235294,"-",11,"left",-1,-1,-1,-1,-1,-1,-1,-1,"-"
12698,978.105,-70.2521,2281.96,880.987,-30.1262,2638.12,-50.18915,2460.04,-78.022,-30.1262,2281.96,2616.95,-47.8958,47.8958,"back","straight",3076.18,2741.19,33,-16.605,3,334.99,361.549726775956,"left",0.980303030303028,"-",11,"left",-1,-1,-1,-1,-1,-1,-1,-1,"-"
12731,981.084,-78.022,2269.92,873.918,-29.8844,2616.95,-53.9532,2443.435,-78.022,-29.8844,2270.78,2638.12,-48.1376,48.1376,"back","straight",3087.36,2720.02,34,-2.98500000000013,3,367.34,393.899726775956,"left",-0.597352941176469,"-",11,"left",-1,-1,-1,-1,-1,-1,-1,-1,"-"
12765,981.456,-78.0517,2270.78,871.634,-20.4456,2610.12,-49.24865,2440.45,-78.022,-20.4456,2269.92,2616.95,-57.5764,57.5764,"back","straight",3088.22,2741.19,33,17.0750000000003,3,347.03,373.589726775956,"left",0.156363636363646,"-",11,"left",-1,-1,-1,-1,-1,-1,-1,-1,"-"
12798,976.572,-77.6632,2259.48,888.72,-1.75409,2655.57,-39.708645,2457.525,-78.022,-1.75409,2259.48,2611.67,-76.26791,76.26791,"back","straight",3098.66,2746.47,34,-24.2550000000001,3,352.19,378.749726775956,"left",0.0899999999999984,"-",11,"left",-1,-1,-1,-1,-1,-1,-1,-1,"-"
12832,974.577,-85.5913,2254.87,892.759,18.8808,2611.67,-33.35525,2433.27,-78.0517,18.8808,2254.87,2610.12,-96.9325,96.9325,"back","straight",3103.27,2748.02,33,-27.6849999999999,3,355.25,381.809726775956,"left",-1.39090909090908,"-",11,"left",-1,-1,-1,-1,-1,-1,-1,-1,"-"
12865,972.867,-77.3686,2250.91,922.932,27.6912,2560.26,-24.8387,2405.585,-85.1271,27.6912,2250.91,2560.26,-112.8183,112.8183,"back","straight",3107.23,2797.88,34,-41.915,3,309.35,335.909726775957,"left",-2.20676470588237,"-",11,"left",-1,-1,-1,-1,-1,-1,-1,-1,"-"
12899,970.965,-85.2741,2246.51,913.872,35.7292,2480.83,-24.77245,2363.67,-85.1271,35.7292,2246.51,2480.83,-120.8563,120.8563,"back","straight",3111.63,2877.31,33,-19.835,3,234.32,260.879726775956,"left",-0.96757575757574,"-",11,"left",-1,-1,-1,-1,-1,-1,-1,-1,"-"
12932,969.291,-85.1271,2242.64,963.82,43.9823,2445.03,-20.5724,2343.835,-84.9571,43.9823,2242.64,2445.03,-128.9394,128.9394,"back","straight",3115.5,2913.11,34,-38.2250000000004,3,202.39,228.949726775957,"left",-1.98500000000001,"-",11,"left",-1,-1,-1,-1,-1,-1,-1,-1,"-"
12966,967.355,-84.9571,2238.16,989.916,44.3897,2373.06,-20.2837,2305.61,-84.9571,44.3897,2238.16,2373.06,-129.3468,129.3468,"back","straight",3119.98,2985.08,34,-39.1049999999996,3,134.9,161.459726775956,"left",-2.08147058823529,"-",11,"left",-1,-1,-1,-1,-1,-1,-1,-1,"-"
13000,965.749,-84.816,2234.44,993.465,59.4833,2298.57,-12.66635,2266.505,-84.816,59.4833,2234.44,2298.57,-144.2993,144.2993,"back","straight",3123.7,3059.57,32,-45.25,3,64.1300000000001,90.6897267759564,"left",-2.74375000000001,"-",11,"left",-1,-1,-1,-1,-1,-1,-1,-1,"-"
13032,965.164,-84.7646,2233.09,996.137,65.0999,2209.42,-9.83235,2221.255,-84.7646,65.0999,2233.09,2209.42,-149.8645,149.8645,"back","straight",3125.05,3148.72,34,-38.7799999999997,3,-23.6700000000001,2.88972677595624,"left",-2.17941176470588,"-",11,"left",-1,-1,-1,-1,-1,-1,-1,-1,"-"
13066,964.418,-84.6991,2231.36,977.251,70.5173,2133.59,-7.0909,2182.475,-84.6991,70.5173,2231.36,2133.59,-155.2164,155.2164,"back","straight",3126.78,3224.55,33,-43.6200000000003,3,-97.77,-71.2102732240437,"right",-2.44545454545455,"-",12,"right",-1,-1,-1,-1,-1,-1,-1,-1,"-"
13099,963.005,-84.575,2228.09,931.44,83.9134,2049.62,-0.330800000000004,2138.855,-84.575,81.0473,2228.09,2049.62,-165.6223,165.6223,"back","straight",3130.05,3308.52,34,-36.3200000000002,3,-178.47,-151.910273224044,"right",-1.98176470588236,"-",12,"right",-1,-1,-1,-1,-1,-1,-1,-1,"-"
13133,953.886,-84.475,2225.46,959.262,81.0473,1979.61,-1.71384999999999,2102.535,-84.475,81.0473,2225.46,1979.61,-165.5223,165.5223,"back","straight",3132.68,3378.53,33,-38.5349999999999,3,-245.85,-219.290273224044,"right",-2.15424242424241,"-",12,"right",-1,-1,-1,-1,-1,-1,-1,-1,"-"
13166,952.605,-76.3911,2222.47,952.066,84.8481,1905.53,4.2285,2064,-76.3911,81.0473,2222.47,1905.53,-157.4384,157.4384,"back","straight",3135.67,3452.61,34,-31.6200000000001,3,-316.94,-290.380273224044,"right",-1.77176470588235,"-",12,"right",-1,-1,-1,-1,-1,-1,-1,-1,"-"
13200,951.96,-76.3394,2220.97,955.603,75.4865,1843.79,-0.426449999999996,2032.38,-76.3394,75.4865,2220.97,1843.79,-151.8259,151.8259,"back","straight",3137.17,3514.35,33,-29.5649999999998,3,-377.18,-350.620273224044,"right",-1.64333333333335,"-",12,"right",-1,-1,-1,-1,-1,-1,-1,-1,"-"
13233,950.91,-76.2552,2218.52,940.326,73.166,1787.11,-1.5446,2002.815,-76.2552,73.166,2218.52,1787.11,-149.4212,149.4212,"back","straight",3139.62,3571.03,34,-34.9549999999999,3,-431.41,-404.850273224044,"right",-1.93970588235292,"-",12,"right",-1,-1,-1,-1,-1,-1,-1,-1,"-"
13267,958.011,-76.1871,2216.54,936.647,70.3851,1719.18,-2.901,1967.86,-76.1871,70.3851,2216.54,1719.18,-146.5722,146.5722,"back","straight",3141.6,3638.96,34,-13.4949999999999,3,-497.36,-470.800273224043,"right",-0.679117647058828,"-",12,"right",-1,-1,-1,-1,-1,-1,-1,-1,"-"
13301,957.169,-76.1202,2214.59,929.079,69.3598,1694.14,-3.38019999999999,1954.365,-76.1202,69.3598,2214.59,1694.14,-145.48,145.48,"back","straight",3143.55,3664,33,-19.8400000000001,3,-520.45,-493.890273224043,"right",-1.0539393939394,"-",12,"right",-1,-1,-1,-1,-1,-1,-1,-1,"-"
13334,956.112,-76.0361,2212.14,933.621,67.8356,1656.91,-4.10025,1934.525,-76.1202,67.8356,2212.14,1656.91,-143.9558,143.9558,"back","straight",3146,3701.23,33,-10.8099999999999,3,-555.23,-528.670273224044,"right",-0.499393939393954,"-",12,"right",-1,-1,-1,-1,-1,-1,-1,-1,"-"
13367,955,-75.9477,2209.57,941.682,61.1817,1637.86,-7.383,1923.715,-76.1202,61.1817,2209.57,1637.86,-137.3019,137.3019,"back","straight",3148.57,3720.28,268,-81.1300000000001,3,-571.71,-545.150273224044,"right",0.251567164179107,"-",12,"right",-1,12,-1,1364.45,-1,137.3019,-1,1706,"-"
13635,912.875,-87.025,2094.73,961.192,59.4105,1590.44,-13.80725,1842.585,-82.5098,59.4105,2094.73,1590.44,-141.9203,141.9203,"back","straight",3263.41,3767.7,34,-38.6550000000002,3,-504.29,-477.730273224044,"right",2.11558823529413,"-",12,"right",-1,-1,-1,-1,-1,-1,-1,-1,"-"
13669,880.356,-83.9249,2020.11,960.705,59.31,1587.75,-12.30745,1803.93,-82.5098,59.4105,2020.11,1587.75,-141.9203,141.9203,"back","straight",3338.03,3770.39,33,-17.875,3,-432.36,-405.800273224043,"right",0.981515151515134,"-",12,"right",-1,-1,-1,-1,-1,-1,-1,-1,"-"
13702,879.757,-82.5098,1986.04,959.688,59.2472,1586.07,-11.6313,1786.055,-82.5098,59.31,1986.04,1586.07,-141.8198,141.8198,"back","straight",3372.1,3772.07,34,-10.6099999999999,3,-399.97,-373.410273224044,"right",0.601470588235289,"-",12,"right",-1,-1,-1,-1,-1,-1,-1,-1,"-"
13736,893.255,-81.6601,1965.59,959.222,64.9039,1585.3,-8.3781,1775.445,-82.5098,59.2499,1965.59,1586.07,-141.7597,141.7597,"back","straight",3392.55,3772.07,32,-33.375,3,-379.52,-352.960273224044,"right",2.09406250000001,"-",12,"right",-1,-1,-1,-1,-1,-1,-1,-1,"-"
13768,884.592,-80.2381,1898.58,958.241,59.2281,1585.56,-10.505,1742.07,-82.5002,59.2499,1898.58,1586.07,-141.7501,141.7501,"back","straight",3459.56,3772.07,34,-8.31499999999983,3,-312.51,-285.950273224044,"right",0.508235294117666,"-",12,"right",-1,-1,-1,-1,-1,-1,-1,-1,"-"
13802,918.404,-84.9084,1881.37,952.906,59.2499,1586.14,-12.82925,1733.755,-81.6601,59.4641,1881.37,1586.14,-141.1242,141.1242,"back","straight",3476.77,3772,33,-38.1100000000001,3,-295.23,-268.670273224043,"right",2.48363636363636,"-",12,"right",-1,-1,-1,-1,-1,-1,-1,-1,"-"
13835,926.15,-82.5002,1799.41,944.932,59.4641,1591.88,-11.51805,1695.645,-80.2381,59.2499,1799.41,1586.14,-139.488,139.488,"back","straight",3558.73,3772,34,-33.875,3,-213.27,-186.710273224043,"right",2.04999999999999,"-",12,"right",-1,-1,-1,-1,-1,-1,-1,-1,"-"
13869,934.942,-79.3047,1729.71,934.661,59.5372,1593.83,-9.88375,1661.77,-79.3047,59.2499,1729.71,1586.14,-138.5546,138.5546,"back","straight",3628.43,3772,34,-40.2049999999999,3,-143.57,-117.010273224043,"right",1.94352941176469,"-",12,"right",-1,-1,-1,-1,-1,-1,-1,-1,"-"
13903,929.58,-76.1225,1660.31,950.906,52.3138,1582.82,-11.90435,1621.565,-76.1225,52.3138,1660.31,1582.82,-128.4363,128.4363,"back","straight",3697.83,3775.32,33,-28.9250000000002,3,-77.4900000000002,-50.9302732240439,"right",1.5730303030303,"-",12,"right",-1,-1,-1,-1,-1,-1,-1,-1,"-"
13936,964.492,-73.6065,1605.43,955.923,52.2157,1579.85,-10.6954,1592.64,-73.6065,52.2157,1605.43,1579.85,-125.8222,125.8222,"back","straight",3752.71,3778.29,34,-34.395,3,-25.5800000000004,0.979726775955932,"left",1.98911764705883,"short",-1,"-",-1,-1,-1,-1,-1,-1,-1,-1,"-"
13970,969.824,-70.4792,1537.22,961.238,46.5328,1579.27,-11.9732,1558.245,-70.4792,52.0195,1537.22,1579.27,-122.4987,122.4987,"back","straight",3820.92,3778.87,0,0,3,42.0499999999997,68.609726775956,"left",0,"short",-1,"-",-1,-1,-1,-1,-1,-1,-1,-1,"-"
